200.000000;-0.243864;-0.215105;-0.202415;-0.180902;-0.164707;-0.148647;-0.146751;-0.145321
200.199997;-0.239539;-0.209150;-0.197692;-0.181131;-0.158392;-0.155067;-0.141539;-0.140667
200.399994;-0.220983;-0.186839;-0.169676;-0.151745;-0.141377;-0.124545;-0.119333;-0.111207
200.600006;-0.206054;-0.181576;-0.160074;-0.140410;-0.124807;-0.112322;-0.101139;-0.103398
200.800003;-0.190965;-0.161788;-0.148980;-0.130547;-0.107229;-0.095882;-0.090983;-0.076301
201.000000;-0.183471;-0.156695;-0.143542;-0.121215;-0.103859;-0.096292;-0.078808;-0.068282
201.199997;-0.169897;-0.139232;-0.123826;-0.104910;-0.089313;-0.072576;-0.061563;-0.044941
201.399994;-0.161397;-0.131786;-0.117048;-0.099695;-0.078488;-0.064557;-0.051278;-0.036034
201.600006;-0.146980;-0.122613;-0.105375;-0.084296;-0.066447;-0.050574;-0.036370;-0.017881
201.800003;-0.143447;-0.114967;-0.093580;-0.079257;-0.052046;-0.038747;-0.027034;-0.007903
202.000000;-0.137087;-0.108537;-0.089861;-0.073728;-0.047272;-0.033317;-0.020942;-0.000712
202.199997;-0.124030;-0.097201;-0.078030;-0.059681;-0.038485;-0.023211;-0.008577;0.012326
202.399994;-0.115873;-0.088443;-0.069783;-0.049953;-0.029850;-0.013378;0.003311;0.025372
202.600006;-0.109636;-0.081288;-0.064367;-0.043125;-0.023484;-0.003567;0.012496;0.037998
202.800003;-0.101363;-0.072664;-0.055385;-0.034225;-0.013012;0.006617;0.023772;0.048886
203.000000;-0.096423;-0.066979;-0.048168;-0.029515;-0.005095;0.011763;0.031219;0.055834
203.199997;-0.088811;-0.059498;-0.040613;-0.020136;0.000516;0.020895;0.038100;0.066187
203.399994;-0.077809;-0.047549;-0.030484;-0.005208;0.011797;0.035588;0.048992;0.079149
203.600006;-0.071286;-0.039605;-0.022365;-0.000228;0.021541;0.043772;0.058779;0.090305
203.800003;-0.059540;-0.032421;-0.014601;0.007885;0.028939;0.053911;0.073549;0.106313
204.000000;-0.047420;-0.019548;-0.002859;0.020698;0.044325;0.067957;0.086524;0.121587
204.199997;-0.031089;-0.000704;0.015890;0.038375;0.062658;0.082351;0.108255;0.142023
204.399994;-0.023165;0.002588;0.020091;0.040682;0.067044;0.086125;0.114196;0.149231
204.600006;-0.014273;0.010332;0.033067;0.052092;0.075260;0.099934;0.124248;0.157969
204.800003;-0.004660;0.024688;0.044061;0.063508;0.088147;0.117033;0.140018;0.175606
205.000000;0.005773;0.036203;0.054073;0.078189;0.102905;0.125048;0.148563;0.187216
205.199997;0.012945;0.043145;0.063947;0.084615;0.110785;0.132822;0.164966;0.202845
205.399994;0.022807;0.048081;0.065452;0.092746;0.115311;0.138932;0.171612;0.211248
205.600006;0.030849;0.062152;0.079400;0.101986;0.129117;0.156543;0.183666;0.223792
205.800003;0.039930;0.068393;0.089917;0.113725;0.138028;0.165252;0.195736;0.235938
206.000000;0.047424;0.079466;0.098547;0.122095;0.149206;0.178048;0.205740;0.248594
206.199997;0.056905;0.086848;0.108055;0.132936;0.158697;0.186307;0.221281;0.268109
206.399994;0.066508;0.096910;0.118643;0.143761;0.169332;0.198225;0.230447;0.279054
206.600006;0.074868;0.105442;0.127060;0.151807;0.178599;0.208199;0.240163;0.287772
206.800003;0.084276;0.115673;0.136306;0.161085;0.189284;0.218619;0.253357;0.301271
207.000000;0.093064;0.124714;0.144738;0.172571;0.198991;0.231952;0.266494;0.311486
207.199997;0.103221;0.134003;0.154784;0.181417;0.207778;0.241503;0.276197;0.323013
207.399994;0.112847;0.142914;0.165936;0.192603;0.220644;0.252500;0.287592;0.337022
207.600006;0.119904;0.150546;0.174717;0.201362;0.231908;0.264362;0.297201;0.350164
207.800003;0.129938;0.161096;0.185196;0.208878;0.242152;0.274769;0.310543;0.363455
208.000000;0.141850;0.171964;0.196235;0.220928;0.253988;0.283769;0.325022;0.378063
208.199997;0.151285;0.181213;0.204801;0.232526;0.263681;0.294860;0.334887;0.390085
208.399994;0.165051;0.196120;0.219588;0.246355;0.278558;0.314405;0.351721;0.407400
208.600006;0.182297;0.213421;0.238976;0.264516;0.298831;0.333544;0.374370;0.432313
208.800003;0.192513;0.224076;0.248695;0.276351;0.308944;0.342458;0.388144;0.443278
209.000000;0.203611;0.236117;0.258953;0.290641;0.321613;0.356274;0.399069;0.454796
209.199997;0.214637;0.247876;0.274422;0.301442;0.334620;0.369076;0.411453;0.472468
209.399994;0.225432;0.257096;0.283649;0.311101;0.345266;0.381434;0.423271;0.480206
209.600006;0.236999;0.269500;0.293261;0.323054;0.357662;0.394272;0.439271;0.495246
209.800003;0.247385;0.280124;0.306391;0.339540;0.368406;0.407269;0.449618;0.512612
210.000000;0.258323;0.292950;0.319741;0.346647;0.384040;0.421567;0.464158;0.520750
210.199997;0.270746;0.302065;0.327398;0.358108;0.394077;0.430771;0.471398;0.534791
210.399994;0.280322;0.313889;0.339058;0.370001;0.406864;0.442688;0.485968;0.546782
210.600006;0.290014;0.324898;0.350932;0.381070;0.416173;0.453777;0.497951;0.556329
210.800003;0.300659;0.336856;0.362201;0.393094;0.427347;0.467959;0.514163;0.569153
211.000000;0.314176;0.347509;0.372736;0.405174;0.443294;0.478473;0.522497;0.582926
211.199997;0.322519;0.355844;0.383662;0.416354;0.451395;0.488767;0.535103;0.590888
211.399994;0.332923;0.366884;0.393453;0.426681;0.460918;0.499105;0.544832;0.606062
211.600006;0.340271;0.375935;0.403748;0.435957;0.470175;0.506941;0.553921;0.614966
211.800003;0.350280;0.386354;0.412452;0.445887;0.481335;0.520196;0.564090;0.621902
212.000000;0.360274;0.393890;0.421494;0.454025;0.490347;0.530116;0.571999;0.628603
212.199997;0.367601;0.403882;0.430356;0.463889;0.500307;0.539022;0.583289;0.636591
212.399994;0.377550;0.413554;0.440411;0.470680;0.508283;0.549065;0.591357;0.646629
212.600006;0.383970;0.420673;0.447709;0.480594;0.515989;0.556246;0.597487;0.655697
212.800003;0.393882;0.431169;0.458338;0.495578;0.528306;0.565483;0.608463;0.665284
213.000000;0.406135;0.442440;0.470424;0.505447;0.539772;0.576917;0.618503;0.671940
213.199997;0.414291;0.450452;0.478665;0.511326;0.547908;0.585069;0.625404;0.677796
213.399994;0.421212;0.457496;0.485404;0.519071;0.554234;0.591663;0.631849;0.685091
213.600006;0.426931;0.464381;0.490916;0.526172;0.559373;0.597614;0.636970;0.689057
213.800003;0.433349;0.470727;0.497422;0.532190;0.566559;0.601751;0.643165;0.692744
214.000000;0.439205;0.475256;0.504212;0.537380;0.571637;0.607191;0.647549;0.695742
214.199997;0.447374;0.482371;0.512581;0.542935;0.579691;0.614293;0.653232;0.702890
214.399994;0.452170;0.488554;0.518692;0.549224;0.585931;0.620164;0.660248;0.707049
214.600006;0.459184;0.496188;0.526376;0.558355;0.591672;0.627793;0.664034;0.711186
214.800003;0.467548;0.504108;0.531408;0.563025;0.599218;0.631926;0.667630;0.719105
215.000000;0.473970;0.509992;0.537004;0.571252;0.604473;0.639233;0.674908;0.723408
215.199997;0.478957;0.513802;0.544806;0.577382;0.610284;0.642362;0.678809;0.727334
215.399994;0.487383;0.522493;0.551961;0.588586;0.618947;0.653078;0.686390;0.733957
215.600006;0.496781;0.530230;0.559155;0.595685;0.624867;0.657567;0.693173;0.737452
215.800003;0.503524;0.538369;0.567198;0.601318;0.632253;0.662792;0.699518;0.744812
216.000000;0.511280;0.546587;0.574926;0.607002;0.639750;0.668481;0.704624;0.750073
216.199997;0.520424;0.553555;0.582531;0.615582;0.645440;0.678555;0.711985;0.757274
216.399994;0.527319;0.560948;0.590714;0.624343;0.652403;0.683515;0.718752;0.763153
216.600006;0.536508;0.571376;0.599269;0.633577;0.663369;0.693551;0.725875;0.772601
216.800003;0.546612;0.581247;0.608239;0.642410;0.672274;0.700779;0.734264;0.780878
217.000000;0.553658;0.590062;0.616359;0.651144;0.679020;0.708031;0.740799;0.788356
217.199997;0.570868;0.606829;0.631820;0.666787;0.694129;0.721336;0.754509;0.804261
217.399994;0.585104;0.619590;0.647012;0.678478;0.706182;0.734926;0.767772;0.817290
217.600006;0.594531;0.627897;0.656798;0.688198;0.715465;0.744687;0.775702;0.825547
217.800003;0.605846;0.638660;0.666642;0.699012;0.725697;0.753471;0.785479;0.834888
218.000000;0.616834;0.649150;0.676253;0.708946;0.735377;0.761807;0.795749;0.845266
218.199997;0.626571;0.658595;0.685778;0.718417;0.744419;0.769922;0.803471;0.855928
218.399994;0.637693;0.669930;0.697208;0.728071;0.754533;0.779644;0.813127;0.868501
218.600006;0.649308;0.681599;0.706940;0.738012;0.764992;0.789823;0.824474;0.881379
218.800003;0.659791;0.692538;0.715884;0.748051;0.773290;0.799599;0.834554;0.893560
219.000000;0.670785;0.703538;0.727615;0.758299;0.782870;0.809987;0.845062;0.907238
219.199997;0.683016;0.713403;0.739273;0.769076;0.794060;0.819395;0.854780;0.917846
219.399994;0.694543;0.723101;0.749644;0.779998;0.802635;0.828946;0.864645;0.929252
219.600006;0.705734;0.735090;0.759862;0.789773;0.812762;0.837592;0.875253;0.939050
219.800003;0.717799;0.746846;0.771597;0.800747;0.822736;0.846198;0.884746;0.951673
220.000000;0.729692;0.756855;0.781646;0.809399;0.834021;0.857478;0.892276;0.965192
220.199997;0.741306;0.767559;0.791267;0.819477;0.841166;0.864665;0.904014;0.978571
220.399994;0.752440;0.779211;0.803449;0.831613;0.851859;0.875766;0.912206;0.988527
220.600006;0.764869;0.790622;0.814829;0.841465;0.859201;0.880585;0.922733;1.002609
220.800003;0.775794;0.801511;0.823647;0.853123;0.872585;0.892608;0.930151;1.007379
221.000000;0.787955;0.815863;0.836523;0.865386;0.881531;0.900687;0.940427;1.016539
221.199997;0.799620;0.826798;0.847760;0.873706;0.893275;0.911853;0.951573;1.027546
221.399994;0.812751;0.837927;0.858702;0.884659;0.900316;0.919054;0.956887;1.038837
221.600006;0.836251;0.858184;0.880546;0.905422;0.917934;0.937228;0.973170;1.055642
221.800003;0.853446;0.874916;0.894461;0.919231;0.931452;0.948112;0.983971;1.068745
222.000000;0.865166;0.887837;0.907764;0.930709;0.943849;0.957679;0.993709;1.078092
222.199997;0.878904;0.900751;0.921086;0.942231;0.953582;0.967703;1.001425;1.088395
222.399994;0.893858;0.913820;0.933508;0.954552;0.964755;0.976035;1.009962;1.097235
222.600006;0.906229;0.925717;0.946246;0.968648;0.976783;0.985931;1.019926;1.105639
222.800003;0.921120;0.940342;0.959033;0.981620;0.988141;0.997451;1.028847;1.115500
223.000000;0.937118;0.955877;0.972435;0.993974;0.999388;1.007950;1.038016;1.126333
223.199997;0.951510;0.969609;0.986414;1.006588;1.011348;1.018053;1.047827;1.135666
223.399994;0.966965;0.983946;1.000009;1.021208;1.022915;1.028607;1.057493;1.144739
223.600006;0.982835;1.000065;1.014432;1.035668;1.034143;1.039087;1.067084;1.154446
223.800003;0.998815;1.015633;1.030560;1.047334;1.047651;1.049915;1.076235;1.162060
224.000000;1.015550;1.029732;1.045932;1.063104;1.062469;1.061084;1.085888;1.171324
224.199997;1.032415;1.046671;1.060280;1.077402;1.076226;1.072382;1.095270;1.183773
224.399994;1.050146;1.060266;1.076140;1.093074;1.086884;1.083487;1.104622;1.193559
224.600006;1.066203;1.076726;1.089823;1.107973;1.101402;1.094688;1.114135;1.202113
224.800003;1.083143;1.094112;1.107620;1.121963;1.112973;1.106346;1.125845;1.215022
225.000000;1.098707;1.111281;1.123144;1.135322;1.125406;1.119323;1.135387;1.225438
225.199997;1.117183;1.126040;1.138152;1.146634;1.142745;1.126058;1.146349;1.232787
225.399994;1.131106;1.144620;1.152645;1.168398;1.157142;1.142616;1.158752;1.243907
225.600006;1.148165;1.159826;1.167708;1.179652;1.168035;1.151057;1.164655;1.253358
225.800003;1.165853;1.173437;1.186639;1.195498;1.181420;1.164274;1.178147;1.257839
226.000000;1.200778;1.205609;1.215260;1.226773;1.209623;1.187345;1.199159;1.277667
226.199997;1.216496;1.226039;1.230905;1.238081;1.220656;1.199204;1.206681;1.291544
226.399994;1.230722;1.238810;1.247670;1.254484;1.234053;1.210753;1.215747;1.296819
226.600006;1.249754;1.257464;1.263231;1.272575;1.249024;1.222572;1.227072;1.308277
226.800003;1.263050;1.273539;1.278062;1.288230;1.263556;1.235622;1.234395;1.313899
227.000000;1.279485;1.286693;1.293366;1.297162;1.274240;1.244294;1.244843;1.322442
227.199997;1.295193;1.302830;1.306707;1.311842;1.287408;1.256086;1.254612;1.330371
227.399994;1.310640;1.319655;1.323539;1.325127;1.300970;1.267049;1.263748;1.335361
227.600006;1.326406;1.333683;1.338800;1.340652;1.313511;1.277810;1.271329;1.342996
227.800003;1.343866;1.348267;1.355178;1.356312;1.324092;1.289394;1.280420;1.349152
228.000000;1.359955;1.363015;1.370179;1.369859;1.336798;1.299702;1.290673;1.356028
228.199997;1.373274;1.376415;1.383949;1.383598;1.351328;1.310202;1.297336;1.361338
228.399994;1.388172;1.392838;1.397959;1.397257;1.364186;1.322132;1.304532;1.364298
228.600006;1.386325;1.409399;1.408440;1.411297;1.378731;1.332038;1.312918;1.370940
228.800003;1.386759;1.421139;1.423157;1.424273;1.391993;1.339509;1.318418;1.375250
229.000000;1.428499;1.435157;1.441179;1.434623;1.399463;1.347628;1.326394;1.377354
229.199997;1.442419;1.449327;1.451862;1.447012;1.410243;1.356278;1.333032;1.382000
229.399994;1.457653;1.463077;1.462457;1.462843;1.423015;1.368864;1.340250;1.381602
229.600006;1.474627;1.475706;1.473295;1.470408;1.432119;1.373101;1.344056;1.382078
229.800003;1.485487;1.492897;1.486092;1.481306;1.438929;1.381760;1.348699;1.384510
230.000000;1.496240;1.500424;1.507649;1.492843;1.449635;1.388638;1.349121;1.384184
230.199997;1.504749;1.512127;1.511813;1.507890;1.460655;1.398252;1.355610;1.383666
230.399994;1.531023;1.530514;1.534244;1.521658;1.481102;1.413603;1.366678;1.379946
230.600006;1.542243;1.546650;1.541586;1.537509;1.483439;1.415787;1.369334;1.373186
230.800003;1.544830;1.549219;1.544035;1.548787;1.493888;1.418722;1.368989;1.372397
231.000000;1.555674;1.551446;1.563763;1.547651;1.496504;1.427449;1.368279;1.372212
231.199997;1.563246;1.566487;1.563583;1.557532;1.506440;1.430445;1.370546;1.360602
231.399994;1.570448;1.566514;1.577890;1.569344;1.506029;1.435746;1.370475;1.358634
231.600006;1.573635;1.575550;1.578751;1.569440;1.510928;1.435884;1.371975;1.353635
231.800003;1.583457;1.587769;1.584009;1.570748;1.524190;1.437621;1.369977;1.347538
232.000000;1.587979;1.585132;1.587195;1.573004;1.526424;1.442250;1.372958;1.341602
232.199997;1.590008;1.594389;1.592458;1.581639;1.521528;1.442976;1.374029;1.335801
232.399994;1.595451;1.595305;1.596286;1.583793;1.523582;1.444017;1.373079;1.333504
232.600006;1.593287;1.596796;1.595156;1.584067;1.529567;1.443954;1.373797;1.326238
232.800003;1.594041;1.600770;1.595018;1.586177;1.528589;1.444521;1.370955;1.321619
233.000000;1.595828;1.595174;1.599644;1.583302;1.526885;1.444844;1.367721;1.315901
233.199997;1.592939;1.592360;1.599027;1.580546;1.526782;1.443482;1.365361;1.308919
233.399994;1.587915;1.594582;1.591505;1.578262;1.526578;1.443517;1.362929;1.304754
233.600006;1.580418;1.589769;1.586002;1.574678;1.525176;1.442547;1.362096;1.299451
233.800003;1.574728;1.580435;1.581248;1.572776;1.518839;1.440029;1.361055;1.294906
234.000000;1.566391;1.572031;1.574198;1.565940;1.511607;1.439731;1.359371;1.291293
234.199997;1.549325;1.565579;1.564663;1.559181;1.505415;1.434355;1.355743;1.286254
234.399994;1.536579;1.550048;1.551424;1.549185;1.504291;1.427271;1.353598;1.281143
234.600006;1.514923;1.530848;1.539276;1.530811;1.492759;1.421622;1.352732;1.275688
234.800003;1.482641;1.499038;1.509483;1.513963;1.475213;1.413061;1.343862;1.270990
235.000000;1.459141;1.484188;1.492746;1.497014;1.462950;1.408215;1.342091;1.271259
235.199997;1.434981;1.461962;1.479691;1.483750;1.454148;1.400843;1.338544;1.266597
235.399994;1.414570;1.443467;1.459794;1.464511;1.442218;1.393057;1.334368;1.265394
235.600006;1.388877;1.422231;1.441122;1.452062;1.433447;1.388496;1.330660;1.264539
235.800003;1.368585;1.402970;1.418273;1.440780;1.416854;1.378782;1.329351;1.263701
236.000000;1.344259;1.381897;1.401668;1.417841;1.405997;1.371523;1.325887;1.262509
236.199997;1.320131;1.358560;1.385372;1.402927;1.392619;1.369259;1.324190;1.261445
236.399994;1.297796;1.339023;1.365219;1.387072;1.379665;1.360335;1.320497;1.261787
236.600006;1.280187;1.322199;1.347420;1.375848;1.373617;1.352724;1.318367;1.264069
236.800003;1.262037;1.304326;1.334474;1.359549;1.362497;1.347647;1.314634;1.265164
237.000000;1.240235;1.285690;1.317556;1.346153;1.350440;1.341419;1.314267;1.265936
237.199997;1.223215;1.268361;1.303077;1.334343;1.342123;1.336255;1.314810;1.264912
237.399994;1.207868;1.256438;1.287511;1.322886;1.332244;1.328841;1.312302;1.266252
237.600006;1.193290;1.241919;1.274496;1.310001;1.323607;1.325628;1.309680;1.268825
237.800003;1.178722;1.228278;1.263134;1.298075;1.315489;1.324643;1.309013;1.270060
238.000000;1.165624;1.215202;1.251248;1.288504;1.306579;1.319974;1.309037;1.272511
238.199997;1.153474;1.202394;1.239203;1.278817;1.299894;1.314312;1.309201;1.275822
238.399994;1.143105;1.192608;1.229354;1.269315;1.295453;1.309975;1.310395;1.279084
238.600006;1.134215;1.184818;1.221280;1.262866;1.290250;1.306347;1.310745;1.281717
238.800003;1.124180;1.176228;1.212604;1.257177;1.286302;1.304789;1.310266;1.283505
239.000000;1.113979;1.164309;1.203626;1.248810;1.282393;1.304706;1.311725;1.288442
239.199997;1.104267;1.154002;1.193659;1.241192;1.274527;1.302953;1.312513;1.294606
239.399994;1.099373;1.148240;1.187432;1.235515;1.273047;1.300384;1.315979;1.299272
239.600006;1.094362;1.145747;1.185662;1.231726;1.269279;1.303798;1.318015;1.300600
239.800003;1.091891;1.141379;1.184298;1.229653;1.268681;1.303706;1.320038;1.306555
240.000000;1.087785;1.140486;1.179473;1.229135;1.268413;1.305819;1.324238;1.310454
240.199997;1.088753;1.137565;1.180869;1.228961;1.270166;1.310218;1.328728;1.314689
240.399994;1.086649;1.137885;1.179851;1.228137;1.269317;1.313798;1.330545;1.318649
240.600006;1.088833;1.137572;1.179788;1.229727;1.272947;1.315801;1.339954;1.325164
240.800003;1.086855;1.138449;1.180830;1.234816;1.274433;1.322454;1.341972;1.331895
241.000000;1.091292;1.140719;1.183416;1.234281;1.277959;1.326104;1.348413;1.336027
241.199997;1.091151;1.140168;1.183121;1.235401;1.285591;1.328439;1.355452;1.340272
241.399994;1.093710;1.144461;1.186579;1.239586;1.287580;1.334125;1.355352;1.351210
241.600006;1.096418;1.144965;1.189702;1.241599;1.290930;1.338672;1.363439;1.354511
241.800003;1.098285;1.148084;1.190868;1.247550;1.294512;1.344871;1.369000;1.360241
242.000000;1.098642;1.150700;1.192905;1.246729;1.296174;1.349421;1.375291;1.367196
242.199997;1.101096;1.150627;1.195528;1.247961;1.300845;1.351666;1.382505;1.376046
242.399994;1.102156;1.153947;1.196754;1.250830;1.304902;1.354747;1.387803;1.382287
242.600006;1.103416;1.155397;1.197614;1.253955;1.307227;1.358877;1.390585;1.388703
242.800003;1.105088;1.157173;1.198137;1.255604;1.308381;1.364491;1.397378;1.395951
243.000000;1.105019;1.156169;1.198587;1.256230;1.310591;1.368045;1.402768;1.403404
243.199997;1.103094;1.155061;1.200358;1.256046;1.313088;1.371037;1.407635;1.412947
243.399994;1.101003;1.154894;1.200387;1.255164;1.312361;1.376069;1.413314;1.421967
243.600006;1.099400;1.151741;1.197264;1.254912;1.311956;1.379586;1.418181;1.430299
243.800003;1.097251;1.149161;1.195324;1.254599;1.314399;1.378685;1.423481;1.437821
244.000000;1.094756;1.147532;1.194897;1.253139;1.313726;1.376223;1.424004;1.440676
244.199997;1.093267;1.146093;1.193148;1.251481;1.310356;1.378475;1.424393;1.445757
244.399994;1.090649;1.144953;1.190919;1.249750;1.309523;1.381113;1.429897;1.450940
244.600006;1.085928;1.140681;1.187338;1.247739;1.310391;1.379925;1.435336;1.456804
244.800003;1.084941;1.138129;1.183835;1.244199;1.309386;1.380567;1.431821;1.464566
245.000000;1.081518;1.133489;1.182034;1.242557;1.301922;1.378964;1.436133;1.466738
245.199997;1.077071;1.131814;1.180239;1.242532;1.304832;1.380170;1.437760;1.471878
245.399994;1.074220;1.130066;1.178479;1.238579;1.303166;1.378443;1.439340;1.473690
245.600006;1.073432;1.126351;1.174579;1.234420;1.300850;1.379368;1.437283;1.475384
245.800003;1.068471;1.120756;1.170541;1.232198;1.301197;1.374115;1.438407;1.480371
246.000000;1.066431;1.120408;1.168927;1.228615;1.294618;1.378056;1.436781;1.489891
246.199997;1.063013;1.116685;1.164935;1.229959;1.294232;1.376142;1.444112;1.488452
246.399994;1.060965;1.116010;1.163041;1.225181;1.294642;1.371765;1.440517;1.490040
246.600006;1.057837;1.114267;1.160841;1.224081;1.293017;1.374188;1.440990;1.495227
246.800003;1.054526;1.109838;1.157524;1.220939;1.291108;1.375808;1.442367;1.494918
247.000000;1.051816;1.107846;1.156119;1.218000;1.286889;1.369760;1.438342;1.495660
247.199997;1.049605;1.106165;1.154628;1.217462;1.289513;1.370072;1.437717;1.500361
247.399994;1.049421;1.105181;1.152575;1.214553;1.286178;1.367760;1.438911;1.500766
247.600006;1.046234;1.102409;1.149097;1.214150;1.283643;1.366233;1.437839;1.498348
247.800003;1.043058;1.099137;1.147961;1.211034;1.281046;1.365700;1.436521;1.499609
248.000000;1.041040;1.097772;1.147262;1.209393;1.280630;1.363959;1.435003;1.497955
248.199997;1.040157;1.097111;1.145910;1.208216;1.279561;1.363145;1.434534;1.493815
248.399994;1.040805;1.096294;1.144558;1.207690;1.277133;1.363926;1.432434;1.495241
248.600006;1.040093;1.095509;1.144610;1.208894;1.277410;1.363458;1.429616;1.499349
248.800003;1.038674;1.095356;1.145448;1.206537;1.277480;1.360966;1.432135;1.497947
249.000000;1.038786;1.095339;1.145060;1.205711;1.278359;1.359775;1.433264;1.492967
249.199997;1.038330;1.094813;1.146271;1.206809;1.277995;1.359529;1.428344;1.490647
249.399994;1.038193;1.097400;1.143689;1.207021;1.273613;1.357414;1.424945;1.488029
249.600006;1.037711;1.095984;1.146515;1.208402;1.277659;1.357647;1.422136;1.484896
249.800003;1.038349;1.096887;1.146074;1.207143;1.275647;1.356718;1.428917;1.480163
250.000000;1.038356;1.096059;1.146781;1.209902;1.275354;1.361962;1.425790;1.484803
250.199997;1.039232;1.098906;1.146925;1.207733;1.275935;1.359290;1.423101;1.482205
250.399994;1.038100;1.097762;1.149809;1.207431;1.275762;1.350849;1.417102;1.475537
250.600006;1.040339;1.097449;1.147740;1.209767;1.278937;1.354736;1.418411;1.468889
250.800003;1.040470;1.099635;1.150716;1.211372;1.275998;1.358298;1.419282;1.474244
251.000000;1.041285;1.099380;1.146732;1.209116;1.273448;1.353026;1.409935;1.472256
251.199997;1.040151;1.096807;1.147566;1.206494;1.278245;1.352873;1.413440;1.461805
251.399994;1.039112;1.097277;1.143882;1.208155;1.274129;1.350995;1.411779;1.465872
251.600006;1.035216;1.096625;1.145836;1.205963;1.270761;1.347997;1.406001;1.460758
251.800003;1.031802;1.092369;1.144145;1.202849;1.267532;1.344970;1.401942;1.456768
252.000000;1.029396;1.088177;1.138676;1.200444;1.267167;1.342597;1.405148;1.457575
252.199997;1.020404;1.079398;1.130170;1.194468;1.259745;1.338179;1.397494;1.454230
252.399994;1.014489;1.073802;1.122177;1.183647;1.252270;1.327787;1.388825;1.447490
252.600006;1.006710;1.067378;1.115247;1.175890;1.244914;1.319404;1.384636;1.445659
252.800003;0.996651;1.058591;1.107640;1.168452;1.235391;1.315559;1.379812;1.439920
253.000000;0.988044;1.048900;1.097851;1.158914;1.226137;1.307636;1.371367;1.435788
253.199997;0.975429;1.034018;1.082000;1.142218;1.214019;1.292450;1.363564;1.437671
253.399994;0.968851;1.028275;1.077307;1.137358;1.205833;1.287143;1.359159;1.434612
253.600006;0.957140;1.016420;1.066370;1.126592;1.192474;1.278017;1.350899;1.431305
253.800003;0.946773;1.004653;1.054159;1.114437;1.182797;1.267590;1.341664;1.429348
254.000000;0.935110;0.992977;1.042488;1.101360;1.170541;1.253320;1.330876;1.426620
254.199997;0.923756;0.981420;1.030291;1.087685;1.157760;1.244050;1.325738;1.426041
254.399994;0.908588;0.968443;1.015946;1.073986;1.143818;1.232992;1.320489;1.416768
254.600006;0.897215;0.956534;1.003501;1.064853;1.130479;1.220938;1.308090;1.423919
254.800003;0.886874;0.944261;0.992845;1.048308;1.120277;1.206647;1.298968;1.419983
255.000000;0.873535;0.931000;0.978075;1.037575;1.107304;1.192046;1.292261;1.414192
255.199997;0.863558;0.921364;0.964962;1.021582;1.093960;1.183824;1.280306;1.415523
255.399994;0.853477;0.908796;0.954152;1.013166;1.078843;1.171170;1.271059;1.412101
255.600006;0.842407;0.897942;0.944037;1.000363;1.068557;1.161134;1.262180;1.405389
255.800003;0.833267;0.888013;0.931910;0.988372;1.057259;1.145420;1.249707;1.401503
256.000000;0.823523;0.877530;0.921655;0.977636;1.046715;1.135966;1.234940;1.399073
256.200012;0.815893;0.869022;0.911686;0.967930;1.032931;1.121892;1.231180;1.384330
256.399994;0.802000;0.852763;0.895708;0.947653;1.013357;1.101044;1.208004;1.370283
256.600006;0.794310;0.844367;0.887075;0.936759;1.003042;1.087869;1.194392;1.358732
256.799988;0.788239;0.837904;0.879069;0.928690;0.990761;1.076659;1.183493;1.348082
257.000000;0.781716;0.829280;0.870546;0.919894;0.980890;1.068028;1.170293;1.334052
257.200012;0.776566;0.824099;0.864303;0.912482;0.971884;1.055397;1.157187;1.322647
257.399994;0.771518;0.818176;0.856095;0.904066;0.963388;1.043329;1.145887;1.305007
257.600006;0.766328;0.811443;0.850663;0.896040;0.955315;1.033498;1.132071;1.290688
257.799988;0.762472;0.807726;0.844690;0.888687;0.946478;1.022411;1.118360;1.274328
258.000000;0.757299;0.802900;0.838095;0.882358;0.935664;1.010267;1.102340;1.253127
258.200012;0.752091;0.796480;0.831923;0.875850;0.925646;0.999043;1.086804;1.232623
258.399994;0.747400;0.791080;0.825602;0.868612;0.917821;0.987084;1.073759;1.212482
258.600006;0.742089;0.785250;0.819922;0.861521;0.909521;0.975417;1.058826;1.192821
258.799988;0.737637;0.779582;0.813501;0.854405;0.900294;0.964921;1.042981;1.174678
259.000000;0.733154;0.774984;0.806211;0.846952;0.890873;0.951818;1.028599;1.153463
259.200012;0.728011;0.768569;0.800093;0.838288;0.881240;0.939474;1.014212;1.130393
259.399994;0.721244;0.761481;0.793814;0.829692;0.872733;0.929088;0.997206;1.110958
259.600006;0.715929;0.753522;0.786098;0.820686;0.862238;0.916767;0.979914;1.089155
259.799988;0.709149;0.747828;0.778179;0.813437;0.853878;0.905409;0.965928;1.069207
260.000000;0.703337;0.740199;0.769069;0.804019;0.841405;0.892867;0.952169;1.048222
260.200012;0.696264;0.734330;0.761725;0.796238;0.833227;0.881074;0.938629;1.030894
260.399994;0.689668;0.725407;0.753703;0.785265;0.820491;0.866941;0.918277;1.010228
260.600006;0.682978;0.718221;0.746228;0.776443;0.811000;0.854056;0.907449;0.991489
260.799988;0.666852;0.702229;0.728318;0.757852;0.791365;0.830290;0.878335;0.955382
261.000000;0.658540;0.692205;0.719231;0.748540;0.779154;0.816951;0.863354;0.938636
261.200012;0.650896;0.684096;0.708776;0.738481;0.769577;0.805911;0.851390;0.921684
261.399994;0.641734;0.675140;0.700450;0.727941;0.759656;0.794002;0.836007;0.903923
261.600006;0.633883;0.666525;0.691286;0.719072;0.747363;0.781788;0.822725;0.890302
261.799988;0.626719;0.657394;0.683600;0.709642;0.736815;0.771604;0.810993;0.876073
262.000000;0.620138;0.650221;0.675096;0.699485;0.727801;0.760740;0.798961;0.861011
262.200012;0.612764;0.642557;0.667210;0.691735;0.717048;0.750719;0.786246;0.846340
262.399994;0.604793;0.633873;0.657635;0.683540;0.707855;0.740157;0.774259;0.833320
262.600006;0.596687;0.626264;0.649289;0.675885;0.699606;0.729798;0.763394;0.819460
262.799988;0.589688;0.619649;0.642581;0.667708;0.690724;0.719153;0.752257;0.806843
263.000000;0.583831;0.612702;0.635192;0.658629;0.682441;0.709419;0.741976;0.793981
263.200012;0.577048;0.605705;0.626961;0.650149;0.672688;0.699833;0.730705;0.780998
263.399994;0.570858;0.599349;0.620162;0.643115;0.664300;0.690577;0.719946;0.769501
263.600006;0.565799;0.593046;0.613886;0.636290;0.657858;0.682029;0.710247;0.757406
263.799988;0.559826;0.586456;0.606607;0.628793;0.649558;0.673047;0.699177;0.745206
264.000000;0.554657;0.580705;0.600901;0.621992;0.643209;0.665101;0.690123;0.734029
264.200012;0.549371;0.575623;0.595856;0.615442;0.636175;0.657000;0.681022;0.720749
264.399994;0.543984;0.569974;0.590479;0.610113;0.627842;0.649582;0.671833;0.708322
264.600006;0.540442;0.565481;0.584762;0.604622;0.622186;0.642336;0.663688;0.699891
264.799988;0.535445;0.559976;0.578191;0.599030;0.615742;0.634166;0.653104;0.686987
265.000000;0.530295;0.554115;0.573179;0.592473;0.608946;0.625918;0.643686;0.673314
265.200012;0.521944;0.545045;0.563695;0.582594;0.596517;0.612297;0.626534;0.651439
265.399994;0.518029;0.541189;0.558842;0.576892;0.591267;0.604947;0.618742;0.642250
265.600006;0.514508;0.535392;0.554575;0.570183;0.584634;0.598575;0.609719;0.630638
265.799988;0.508363;0.531161;0.548473;0.565279;0.578226;0.590155;0.600348;0.619698
266.000000;0.505045;0.526320;0.544066;0.559991;0.571563;0.583136;0.591750;0.609048
266.200012;0.501233;0.521936;0.538112;0.554467;0.565861;0.575824;0.584911;0.598843
266.399994;0.494332;0.517147;0.532677;0.549225;0.559772;0.567808;0.575072;0.586966
266.600006;0.490825;0.510790;0.527900;0.543510;0.553272;0.561715;0.566440;0.576958
266.799988;0.485720;0.505905;0.521733;0.536484;0.546562;0.553857;0.558412;0.567410
267.000000;0.479918;0.500783;0.516470;0.531127;0.540814;0.546506;0.549935;0.556887
267.200012;0.475099;0.494598;0.510934;0.525118;0.534116;0.538499;0.541584;0.547214
267.399994;0.469887;0.489022;0.504449;0.518889;0.526614;0.531604;0.532397;0.536918
267.600006;0.463875;0.483229;0.498329;0.512718;0.519678;0.523822;0.524124;0.527185
267.799988;0.458565;0.477064;0.492448;0.505330;0.512897;0.515742;0.516202;0.516657
268.000000;0.453009;0.472463;0.486886;0.499080;0.506480;0.509361;0.507574;0.507486
268.200012;0.447309;0.467950;0.481293;0.493818;0.499724;0.502790;0.499014;0.498743
268.399994;0.442803;0.462271;0.475067;0.487526;0.492934;0.495486;0.491515;0.489058
268.600006;0.438449;0.456805;0.469392;0.481482;0.487472;0.488295;0.483937;0.479905
268.799988;0.433934;0.451333;0.464998;0.476493;0.482074;0.481456;0.475975;0.470875
269.000000;0.429492;0.446287;0.460082;0.471369;0.476153;0.475902;0.469356;0.462628
269.200012;0.423909;0.442440;0.454480;0.465930;0.470182;0.469065;0.461950;0.454103
269.399994;0.420290;0.437174;0.450081;0.460133;0.463278;0.461362;0.453335;0.443036
269.600006;0.414029;0.430488;0.442325;0.453089;0.455540;0.451930;0.442988;0.428589
269.799988;0.410773;0.427005;0.440069;0.449920;0.452122;0.447889;0.436067;0.422216
270.000000;0.409006;0.425172;0.436631;0.446651;0.448456;0.443321;0.430993;0.413883
270.200012;0.406364;0.421766;0.434701;0.443829;0.444974;0.438148;0.425234;0.405314
270.399994;0.403459;0.420513;0.431085;0.442134;0.442499;0.435346;0.420627;0.398308
270.600006;0.402983;0.419145;0.431753;0.438894;0.439257;0.432682;0.415917;0.392559
270.799988;0.401698;0.416932;0.428353;0.437285;0.436636;0.427711;0.410782;0.384884
271.000000;0.400495;0.415970;0.426832;0.435900;0.434410;0.425336;0.406389;0.378625
271.200012;0.397883;0.414732;0.426116;0.433538;0.431983;0.422580;0.402786;0.372982
271.399994;0.398964;0.414698;0.425750;0.431779;0.430920;0.420056;0.397793;0.366579
271.600006;0.398281;0.413543;0.423518;0.430644;0.429815;0.416785;0.394404;0.360321
271.799988;0.397582;0.412851;0.423404;0.430304;0.426972;0.414391;0.390134;0.353765
272.000000;0.397897;0.413271;0.423388;0.430119;0.426134;0.412810;0.386935;0.348411
272.200012;0.397070;0.413248;0.424010;0.429646;0.425548;0.411192;0.383668;0.343220
272.399994;0.396799;0.412234;0.423199;0.429137;0.425176;0.409159;0.380809;0.337588
272.600006;0.398298;0.412527;0.422652;0.428540;0.424096;0.406489;0.377392;0.331900
272.799988;0.398333;0.412549;0.422373;0.428995;0.423286;0.404942;0.374074;0.326958
273.000000;0.398050;0.412705;0.422779;0.429588;0.422699;0.403906;0.371184;0.322354
273.200012;0.398377;0.413087;0.423417;0.428315;0.422468;0.402522;0.368647;0.317238
273.399994;0.398427;0.413582;0.423356;0.427170;0.421870;0.401620;0.366441;0.311982
273.600006;0.398536;0.414246;0.423076;0.427744;0.420711;0.400348;0.363846;0.306979
273.799988;0.399593;0.414392;0.423537;0.428358;0.420216;0.398006;0.360406;0.301302
274.000000;0.401519;0.415418;0.424726;0.428551;0.419332;0.396158;0.356975;0.295116
274.200012;0.400805;0.415093;0.423911;0.427779;0.419137;0.394574;0.354723;0.290443
274.399994;0.400811;0.414648;0.424106;0.426759;0.418276;0.392812;0.352443;0.286586
274.600006;0.400479;0.415094;0.424106;0.428360;0.417923;0.392668;0.350675;0.282192
274.799988;0.401439;0.414518;0.423849;0.426814;0.417640;0.391391;0.348986;0.280011
275.000000;0.401824;0.415236;0.423841;0.425986;0.417431;0.390011;0.345463;0.275932
275.200012;0.400106;0.413892;0.422663;0.424706;0.414728;0.388203;0.343052;0.271829
275.399994;0.398737;0.412368;0.419878;0.423431;0.413981;0.386002;0.340160;0.268796
275.600006;0.396095;0.411945;0.418731;0.422538;0.410432;0.383135;0.338611;0.266862
275.799988;0.395173;0.407597;0.415987;0.419292;0.407143;0.381824;0.334760;0.263861
276.000000;0.392258;0.405574;0.413328;0.416224;0.404699;0.378130;0.333000;0.260462
276.200012;0.388110;0.402473;0.409903;0.412168;0.400770;0.373752;0.329719;0.258457
276.399994;0.384990;0.396505;0.405048;0.407537;0.395673;0.369718;0.325819;0.256410
276.600006;0.379890;0.391875;0.400184;0.403141;0.391246;0.365629;0.322322;0.253933
276.799988;0.374145;0.385917;0.393764;0.396601;0.386828;0.360100;0.318949;0.251689
277.000000;0.368111;0.379996;0.387306;0.390229;0.380453;0.355470;0.314297;0.249185
277.200012;0.360245;0.372321;0.380328;0.383122;0.373284;0.349258;0.309721;0.246347
277.399994;0.353447;0.364776;0.372780;0.374891;0.366210;0.343583;0.305753;0.245523
277.600006;0.345192;0.356406;0.364603;0.366854;0.359306;0.337652;0.301035;0.243756
277.799988;0.336217;0.347588;0.355588;0.358463;0.351082;0.330743;0.295460;0.241630
278.000000;0.328405;0.339618;0.347114;0.350066;0.342138;0.323630;0.290831;0.239450
278.200012;0.317419;0.327783;0.335991;0.338371;0.330847;0.314183;0.284371;0.236960
278.399994;0.305366;0.314782;0.322926;0.326378;0.320086;0.304489;0.276804;0.235125
278.600006;0.296783;0.306366;0.313389;0.318632;0.313284;0.297958;0.272044;0.232958
278.799988;0.289196;0.299472;0.306104;0.310969;0.306244;0.291977;0.267984;0.230877
279.000000;0.283309;0.293420;0.299749;0.304435;0.299750;0.286706;0.264270;0.230148
279.200012;0.276985;0.285637;0.293735;0.297535;0.293349;0.281349;0.260269;0.228415
279.399994;0.270224;0.279944;0.287041;0.291241;0.287318;0.274393;0.256154;0.225899
279.600006;0.264792;0.273728;0.282703;0.285951;0.282412;0.271309;0.253091;0.224851
279.799988;0.260163;0.268556;0.276376;0.280640;0.277808;0.267712;0.250010;0.223288
280.000000;0.255618;0.264810;0.272588;0.275789;0.273229;0.262472;0.246165;0.221287
280.200012;0.251750;0.260661;0.268281;0.273779;0.269945;0.260432;0.243669;0.220097
280.399994;0.248748;0.258025;0.263690;0.270545;0.267425;0.256315;0.242006;0.219593
280.600006;0.244705;0.254636;0.262420;0.266090;0.263149;0.255043;0.239085;0.217104
280.799988;0.241848;0.252569;0.257522;0.264382;0.260766;0.252197;0.237551;0.215229
281.000000;0.240745;0.249630;0.258200;0.261055;0.258548;0.249832;0.235926;0.213940
281.200012;0.239588;0.247125;0.254922;0.258343;0.255497;0.248636;0.233849;0.212503
281.399994;0.237058;0.246133;0.253968;0.257326;0.255230;0.246324;0.232334;0.211878
281.600006;0.235207;0.244880;0.250886;0.256072;0.252270;0.243753;0.230735;0.210235
281.799988;0.233232;0.243336;0.250424;0.254513;0.251600;0.243042;0.229839;0.209893
282.000000;0.232175;0.241743;0.248083;0.253114;0.250369;0.242869;0.228723;0.207970
282.200012;0.230468;0.239074;0.246184;0.250981;0.248249;0.240634;0.227064;0.206458
282.399994;0.228998;0.237675;0.245451;0.250182;0.247549;0.238811;0.225493;0.205848
282.600006;0.228187;0.235040;0.243491;0.248581;0.245704;0.236631;0.223795;0.204361
282.799988;0.225618;0.232618;0.240755;0.246043;0.243914;0.235356;0.222309;0.203538
283.000000;0.222901;0.231388;0.238493;0.244044;0.242377;0.233876;0.221479;0.203315
283.200012;0.221377;0.229842;0.237214;0.242714;0.240098;0.232538;0.220766;0.202928
283.399994;0.219624;0.228351;0.235876;0.240883;0.238526;0.232224;0.219957;0.202139
283.600006;0.217800;0.226943;0.233660;0.238833;0.237347;0.230773;0.219211;0.201126
283.799988;0.215978;0.224468;0.231982;0.237309;0.235286;0.228879;0.217937;0.201075
284.000000;0.213896;0.221344;0.229994;0.234446;0.232793;0.226842;0.216470;0.200698
284.200012;0.211838;0.220222;0.227257;0.233393;0.231279;0.226374;0.216005;0.200907
284.399994;0.210011;0.217487;0.225451;0.230914;0.229458;0.224932;0.215181;0.200944
284.600006;0.208718;0.215989;0.223671;0.228617;0.227662;0.223193;0.214339;0.200525
284.799988;0.204224;0.213285;0.221262;0.226157;0.225520;0.220155;0.212472;0.199682
285.000000;0.201695;0.209837;0.217696;0.222899;0.223705;0.219498;0.210921;0.200604
285.200012;0.199665;0.207395;0.215308;0.220515;0.220961;0.216185;0.210731;0.199230
285.399994;0.198230;0.204718;0.212797;0.218638;0.219158;0.215755;0.209364;0.199175
285.600006;0.195335;0.202700;0.210175;0.215986;0.215483;0.214054;0.208253;0.199120
285.799988;0.192775;0.200414;0.207837;0.213895;0.214059;0.212356;0.207278;0.199618
286.000000;0.190735;0.197783;0.205173;0.211499;0.212339;0.210608;0.205609;0.199613
286.200012;0.186802;0.195362;0.203032;0.209371;0.209381;0.209131;0.205224;0.199410
286.399994;0.184837;0.192921;0.200810;0.207169;0.207505;0.206197;0.204411;0.199421
286.600006;0.182754;0.190846;0.198029;0.204362;0.206109;0.205199;0.203672;0.198849
286.799988;0.180348;0.187779;0.194248;0.201210;0.202679;0.202503;0.201125;0.198700
287.000000;0.176400;0.183500;0.190166;0.197325;0.199421;0.199469;0.199338;0.199211
287.200012;0.171903;0.179337;0.186384;0.193724;0.196204;0.197072;0.197482;0.198643
287.399994;0.169517;0.176778;0.184301;0.190749;0.192644;0.194772;0.196349;0.198505
287.600006;0.167377;0.174006;0.182099;0.187508;0.190288;0.192386;0.194934;0.198423
287.799988;0.165036;0.171682;0.179201;0.185295;0.187876;0.190571;0.193586;0.198473
288.000000;0.162243;0.169152;0.176311;0.182691;0.185256;0.188728;0.192836;0.198863
288.200012;0.159246;0.165555;0.172593;0.179689;0.182424;0.186412;0.190927;0.198525
288.399994;0.156979;0.162938;0.169373;0.177304;0.179411;0.184032;0.188633;0.198432
288.600006;0.154240;0.160509;0.167310;0.173980;0.176919;0.181906;0.187715;0.198797
288.799988;0.151241;0.157256;0.164322;0.170770;0.174172;0.179902;0.186517;0.197983
289.000000;0.148123;0.154182;0.161421;0.167312;0.171872;0.176381;0.184222;0.197684
289.200012;0.143936;0.149215;0.157213;0.163752;0.167669;0.173416;0.181942;0.197497
289.399994;0.141888;0.147657;0.154558;0.160680;0.165534;0.172295;0.180540;0.197519
289.600006;0.139006;0.145037;0.151382;0.159129;0.163663;0.169820;0.180110;0.197068
289.799988;0.136339;0.142335;0.148898;0.157060;0.160219;0.167449;0.177757;0.196079
290.000000;0.134406;0.138707;0.146968;0.152821;0.157537;0.165219;0.176082;0.194706
290.200012;0.130140;0.137104;0.143405;0.151706;0.155923;0.162435;0.173600;0.193418
290.399994;0.127683;0.132655;0.139770;0.146274;0.151910;0.159248;0.171876;0.191969
290.600006;0.126908;0.132686;0.139181;0.146546;0.151572;0.159465;0.171773;0.192410
290.799988;0.124566;0.129805;0.137046;0.144448;0.148600;0.156513;0.168456;0.189917
291.000000;0.122803;0.128507;0.135537;0.142637;0.147999;0.154831;0.167788;0.188439
291.200012;0.121119;0.127575;0.133375;0.140674;0.146209;0.154372;0.166189;0.187722
291.399994;0.121535;0.127234;0.134122;0.140516;0.145825;0.153310;0.164833;0.185474
291.600006;0.121182;0.126811;0.134092;0.140699;0.145499;0.152699;0.163267;0.183077
291.799988;0.122351;0.128107;0.134991;0.140663;0.145968;0.152539;0.162782;0.181706
292.000000;0.122415;0.128578;0.135089;0.141308;0.145711;0.152636;0.161853;0.179825
292.200012;0.123686;0.130217;0.136269;0.143018;0.147575;0.153284;0.162196;0.178607
292.399994;0.125808;0.132309;0.138897;0.145293;0.149244;0.154987;0.162737;0.177667
292.600006;0.127935;0.133553;0.141304;0.147139;0.150713;0.155927;0.162460;0.176317
292.799988;0.129270;0.135399;0.142983;0.148724;0.151832;0.156210;0.162480;0.174638
293.000000;0.131232;0.138052;0.144908;0.150291;0.153322;0.157174;0.163172;0.173317
293.200012;0.134106;0.139900;0.146922;0.152715;0.155432;0.158451;0.163469;0.172599
293.399994;0.135874;0.141602;0.148837;0.155503;0.157068;0.160003;0.163781;0.171659
293.600006;0.137752;0.143848;0.151208;0.156838;0.158875;0.161647;0.164405;0.170519
293.799988;0.139921;0.145616;0.152441;0.158269;0.159897;0.162460;0.164112;0.169836
294.000000;0.141037;0.147565;0.153432;0.159643;0.161616;0.163756;0.164775;0.169044
294.200012;0.140992;0.147396;0.154787;0.159908;0.161842;0.163517;0.164872;0.167388
294.399994;0.141966;0.148211;0.153774;0.159738;0.162057;0.162309;0.164724;0.166746
294.600006;0.141810;0.149153;0.155252;0.160807;0.161595;0.163025;0.164695;0.166668
294.799988;0.141527;0.147862;0.154249;0.160239;0.161189;0.162060;0.163668;0.165383
295.000000;0.139966;0.147098;0.153736;0.158871;0.161466;0.162108;0.163454;0.165160
295.200012;0.137310;0.144161;0.151376;0.155869;0.157864;0.159360;0.161655;0.163327
295.399994;0.136117;0.142926;0.149412;0.154457;0.156492;0.158025;0.160535;0.162780
295.600006;0.132597;0.140515;0.146453;0.152085;0.153197;0.156649;0.158902;0.162324
295.799988;0.127488;0.133689;0.140606;0.145321;0.147226;0.152162;0.154563;0.159991
296.000000;0.123671;0.129708;0.136885;0.143024;0.144165;0.148200;0.153492;0.159863
296.200012;0.120574;0.125402;0.132727;0.138608;0.141797;0.145572;0.150575;0.158756
296.399994;0.116021;0.121778;0.128230;0.134266;0.137889;0.142681;0.148171;0.157134
296.600006;0.112257;0.117968;0.124321;0.130341;0.134325;0.139479;0.146010;0.156605
296.799988;0.108929;0.114898;0.121047;0.127149;0.130700;0.136611;0.143349;0.155679
297.000000;0.105527;0.110749;0.117072;0.123756;0.127953;0.133744;0.141883;0.154170
297.200012;0.101294;0.106524;0.113053;0.119926;0.123734;0.130518;0.139629;0.152357
297.399994;0.097984;0.103609;0.110244;0.116078;0.121172;0.128737;0.137728;0.152302
297.600006;0.094700;0.100162;0.106823;0.112188;0.117904;0.125699;0.135665;0.152178
297.799988;0.091354;0.096447;0.102954;0.108856;0.114465;0.122029;0.133599;0.151152
298.000000;0.088118;0.093229;0.099976;0.105718;0.111846;0.119704;0.131629;0.150180
298.200012;0.085161;0.090097;0.097061;0.102758;0.108591;0.117654;0.129671;0.149092
298.399994;0.082852;0.087323;0.093878;0.100219;0.105871;0.115319;0.128261;0.147819
298.600006;0.079739;0.084924;0.091162;0.097354;0.103189;0.112363;0.126182;0.146761
298.799988;0.077462;0.083049;0.089086;0.095277;0.101538;0.110483;0.124991;0.146792
299.000000;0.075938;0.080459;0.086622;0.092698;0.099208;0.109146;0.124156;0.146119
299.200012;0.074318;0.079011;0.084233;0.091580;0.097271;0.108048;0.122799;0.144884
299.399994;0.072620;0.076056;0.081899;0.089066;0.095768;0.106457;0.121551;0.143893
299.600006;0.070581;0.074620;0.080901;0.087444;0.093791;0.104760;0.120435;0.143410
299.799988;0.069453;0.073815;0.079642;0.086708;0.092860;0.103204;0.119064;0.141744
300.000000;0.067414;0.070476;0.078276;0.082676;0.090678;0.101308;0.116498;0.140810
300.200012;0.065531;0.068425;0.075213;0.080884;0.088000;0.098718;0.114999;0.140051
300.399994;0.063718;0.068485;0.074274;0.080254;0.087345;0.098844;0.115091;0.138890
300.600006;0.064054;0.067498;0.072898;0.079938;0.086694;0.098199;0.114255;0.138551
300.799988;0.062978;0.066605;0.072871;0.078853;0.086430;0.096409;0.112531;0.138075
301.000000;0.063402;0.065589;0.071669;0.078000;0.085711;0.096292;0.112550;0.138231
301.200012;0.062089;0.065627;0.071639;0.077573;0.084572;0.095838;0.111947;0.136838
301.399994;0.062005;0.064917;0.070913;0.076540;0.083853;0.095507;0.111415;0.136328
301.600006;0.060551;0.063698;0.069679;0.075842;0.082708;0.094537;0.109748;0.134550
301.799988;0.060399;0.063311;0.069747;0.075260;0.082758;0.093477;0.109214;0.134035
302.000000;0.060205;0.062805;0.068663;0.074749;0.081641;0.092599;0.107964;0.132541
302.200012;0.059388;0.062139;0.067966;0.074555;0.081199;0.091770;0.107126;0.131709
302.399994;0.058966;0.061925;0.067638;0.073602;0.080524;0.090915;0.106020;0.130878
302.600006;0.059114;0.062536;0.067640;0.072858;0.079234;0.090333;0.105625;0.129513
302.799988;0.059859;0.062657;0.067957;0.073307;0.079407;0.089958;0.105835;0.128602
303.000000;0.060164;0.062318;0.067862;0.073780;0.079972;0.089856;0.105027;0.127878
303.200012;0.059675;0.062248;0.067677;0.073114;0.079339;0.089499;0.104449;0.126705
303.399994;0.059893;0.061683;0.067555;0.072501;0.078874;0.088762;0.103798;0.125271
303.600006;0.060284;0.061896;0.067681;0.073296;0.078933;0.088865;0.102266;0.124391
303.799988;0.059991;0.062489;0.067627;0.072799;0.078463;0.088145;0.101848;0.123091
304.000000;0.059816;0.062229;0.067442;0.072362;0.077753;0.087156;0.100992;0.121082
304.200012;0.059436;0.061788;0.067791;0.072728;0.077000;0.086475;0.099935;0.119301
304.399994;0.060927;0.063106;0.068303;0.072841;0.077961;0.086055;0.098756;0.117781
304.600006;0.061793;0.064622;0.069157;0.073546;0.077999;0.086978;0.098814;0.115487
304.799988;0.060519;0.062805;0.067761;0.070829;0.076759;0.085525;0.096447;0.114250
305.000000;0.060980;0.062915;0.067893;0.072752;0.077880;0.084824;0.096030;0.111951
305.200012;0.061959;0.063552;0.069323;0.073049;0.078059;0.085462;0.095228;0.110780
305.399994;0.062792;0.064482;0.068958;0.072988;0.076875;0.084483;0.094919;0.109492
305.600006;0.063251;0.064947;0.069639;0.073694;0.077603;0.085234;0.095039;0.109367
305.799988;0.063162;0.065874;0.070492;0.074040;0.078374;0.085697;0.095285;0.108821
306.000000;0.063983;0.066872;0.071298;0.074566;0.078191;0.085252;0.094215;0.107052
306.200012;0.063936;0.067021;0.071403;0.074258;0.078431;0.085265;0.094435;0.105518
306.399994;0.065063;0.067411;0.070829;0.074719;0.078854;0.085084;0.093643;0.105107
306.600006;0.064835;0.067154;0.071540;0.075125;0.077720;0.084728;0.092401;0.103510
306.799988;0.065756;0.067907;0.072835;0.075805;0.079020;0.085167;0.092599;0.103607
307.000000;0.066389;0.068261;0.073185;0.076250;0.079739;0.085484;0.092629;0.102318
307.200012;0.067338;0.069201;0.074065;0.076544;0.080126;0.085918;0.092953;0.101567
307.399994;0.068277;0.070290;0.074714;0.077586;0.081210;0.085977;0.092812;0.101566
307.600006;0.068866;0.071105;0.074680;0.078407;0.081223;0.086170;0.092770;0.100791
307.799988;0.069579;0.071712;0.075112;0.078334;0.080919;0.086595;0.092585;0.100038
308.000000;0.070461;0.072065;0.075882;0.078480;0.081812;0.086680;0.092327;0.099844
308.200012;0.071276;0.072664;0.076604;0.079687;0.082410;0.087033;0.092833;0.099319
308.399994;0.071771;0.073337;0.077340;0.081159;0.083089;0.087604;0.092659;0.099091
308.600006;0.072805;0.074590;0.079012;0.081787;0.084356;0.088390;0.093123;0.099641
308.799988;0.074363;0.075614;0.079855;0.082869;0.085356;0.089178;0.093644;0.099005
309.000000;0.075200;0.076325;0.080817;0.083490;0.085980;0.089458;0.093735;0.098503
309.200012;0.076407;0.077465;0.081737;0.084555;0.086850;0.089489;0.094018;0.099365
309.399994;0.077287;0.077986;0.081898;0.084964;0.086278;0.090236;0.093971;0.098458
309.600006;0.077826;0.078952;0.082505;0.084972;0.087491;0.090451;0.094423;0.098172
309.799988;0.078626;0.080937;0.084074;0.085532;0.088384;0.092364;0.095241;0.099287
310.000000;0.079947;0.080244;0.084217;0.086879;0.088896;0.091665;0.096598;0.098466
310.200012;0.080247;0.083342;0.086965;0.088709;0.091189;0.093602;0.096882;0.100295
310.399994;0.080784;0.082799;0.086406;0.088205;0.090266;0.093898;0.096104;0.100037
310.600006;0.081981;0.083551;0.087579;0.089302;0.091321;0.094243;0.097619;0.099352
310.799988;0.082270;0.084421;0.088207;0.089510;0.091529;0.094945;0.097488;0.099890
311.000000;0.083948;0.085549;0.089275;0.090884;0.092907;0.095854;0.098794;0.101315
311.200012;0.084454;0.085593;0.088397;0.091398;0.093061;0.095853;0.098307;0.100523
311.399994;0.085659;0.087317;0.090693;0.092988;0.095345;0.096970;0.099744;0.101945
311.600006;0.086319;0.087972;0.091132;0.093405;0.095322;0.097251;0.100067;0.101554
311.799988;0.086710;0.087938;0.091118;0.093439;0.095154;0.096914;0.100264;0.101555
312.000000;0.087669;0.088995;0.092305;0.094525;0.096066;0.097842;0.100875;0.102400
312.200012;0.087929;0.089621;0.092684;0.094850;0.096565;0.098964;0.101331;0.102206
312.399994;0.088541;0.090174;0.093063;0.094988;0.096979;0.099045;0.101934;0.102113
312.600006;0.089322;0.090766;0.094239;0.095929;0.097693;0.099130;0.102479;0.102602
312.799988;0.089411;0.090653;0.094868;0.096385;0.097479;0.099126;0.102477;0.102600
313.000000;0.090067;0.091749;0.095649;0.096810;0.097499;0.099590;0.102655;0.102821
313.200012;0.091162;0.093096;0.096836;0.098296;0.099357;0.101529;0.103715;0.103741
313.399994;0.092563;0.092853;0.097191;0.099582;0.100502;0.102376;0.104608;0.104516
313.600006;0.093619;0.094434;0.098172;0.099781;0.100713;0.102516;0.104479;0.104860
313.799988;0.093751;0.095226;0.099114;0.100404;0.102168;0.103603;0.105080;0.104696
314.000000;0.094397;0.095548;0.099523;0.101288;0.102112;0.103707;0.105716;0.105332
314.200012;0.095376;0.096339;0.099748;0.101465;0.103041;0.103914;0.106388;0.105927
314.399994;0.095868;0.096280;0.100689;0.102154;0.103724;0.104818;0.105941;0.104898
314.600006;0.095672;0.098082;0.100457;0.102758;0.104190;0.105570;0.107320;0.105892
314.799988;0.097099;0.098276;0.101134;0.103826;0.104396;0.106162;0.107430;0.105618
315.000000;0.098143;0.099419;0.103445;0.104793;0.105466;0.106852;0.108023;0.106105
315.200012;0.098860;0.099961;0.103295;0.104955;0.106488;0.107480;0.109026;0.107098
315.399994;0.099886;0.101426;0.104628;0.106506;0.107200;0.108528;0.110106;0.106638
315.600006;0.101374;0.101449;0.104989;0.106720;0.107902;0.108851;0.110093;0.107437
315.799988;0.101067;0.102409;0.106030;0.106984;0.108204;0.109489;0.109494;0.106620
316.000000;0.102817;0.103746;0.107142;0.108240;0.109758;0.110034;0.110164;0.106871
316.200012;0.103904;0.104967;0.108154;0.109579;0.110159;0.110985;0.111237;0.108504
316.399994;0.104873;0.105741;0.109711;0.110672;0.111395;0.112443;0.111927;0.108554
316.600006;0.106570;0.107600;0.110410;0.111761;0.112831;0.113413;0.113443;0.108883
316.799988;0.107696;0.108917;0.111893;0.112942;0.114241;0.113716;0.114341;0.109602
317.000000;0.108131;0.109584;0.113109;0.114105;0.114552;0.113958;0.114629;0.109526
317.200012;0.110065;0.110579;0.115116;0.116171;0.116150;0.116410;0.115775;0.109966
317.399994;0.112112;0.112632;0.117349;0.118005;0.118391;0.118650;0.117243;0.110394
317.600006;0.113618;0.115289;0.118221;0.119499;0.119856;0.119267;0.118114;0.110874
317.799988;0.115243;0.117042;0.119103;0.120925;0.121593;0.120413;0.118953;0.111927
318.000000;0.116450;0.117792;0.120894;0.121713;0.122508;0.121769;0.119788;0.112081
318.200012;0.118862;0.119454;0.123232;0.123834;0.123227;0.123402;0.120937;0.112466
318.399994;0.120250;0.121952;0.124408;0.125577;0.125077;0.124723;0.122899;0.113360
318.600006;0.120795;0.122625;0.125465;0.126862;0.127211;0.126035;0.122852;0.113696
318.799988;0.123368;0.125201;0.128207;0.129145;0.128788;0.127896;0.124604;0.114192
319.000000;0.125324;0.125589;0.129627;0.129903;0.130492;0.127882;0.125049;0.115052
319.200012;0.125861;0.127163;0.131396;0.131022;0.131237;0.129920;0.126325;0.116109
319.399994;0.128343;0.129631;0.133036;0.133466;0.132184;0.131680;0.127908;0.115266
319.600006;0.129633;0.130539;0.134881;0.135731;0.135816;0.133816;0.128971;0.116903
319.799988;0.130041;0.131781;0.135308;0.136282;0.136661;0.134357;0.129376;0.117168
320.000000;0.132736;0.133562;0.138431;0.139340;0.139068;0.136549;0.131173;0.117741
320.200012;0.134134;0.135638;0.138396;0.138439;0.139566;0.137184;0.131387;0.118147
320.399994;0.134440;0.136664;0.139178;0.139248;0.140588;0.138031;0.132876;0.118971
320.600006;0.135988;0.138015;0.141735;0.142406;0.142129;0.140246;0.134016;0.119859
320.799988;0.136964;0.139298;0.142953;0.143774;0.143484;0.140837;0.135186;0.120486
321.000000;0.138309;0.140263;0.144090;0.144637;0.144473;0.141802;0.136261;0.121354
321.200012;0.138942;0.141149;0.144605;0.145259;0.145124;0.142889;0.136970;0.121657
321.399994;0.141231;0.142564;0.145843;0.147176;0.147071;0.144094;0.138530;0.122639
321.600006;0.142112;0.143833;0.147526;0.147931;0.148088;0.146000;0.139607;0.123701
321.799988;0.142742;0.145167;0.148778;0.148986;0.149584;0.147192;0.140373;0.125159
322.000000;0.143021;0.145583;0.149534;0.149911;0.150760;0.147726;0.141521;0.125500
322.200012;0.143415;0.146142;0.149752;0.150376;0.150902;0.148041;0.142150;0.125889
322.399994;0.144805;0.146943;0.150699;0.151851;0.151515;0.149219;0.143423;0.127828
322.600006;0.146096;0.147713;0.152136;0.153020;0.152687;0.150315;0.144603;0.129579
322.799988;0.147117;0.148919;0.152861;0.153365;0.153483;0.151141;0.145006;0.130337
323.000000;0.148024;0.149704;0.153287;0.154264;0.153978;0.152010;0.145996;0.130970
323.200012;0.148210;0.149592;0.153732;0.154885;0.154658;0.152001;0.146988;0.131531
323.399994;0.148734;0.150287;0.154315;0.155351;0.155489;0.152550;0.147943;0.132897
323.600006;0.149655;0.151764;0.155487;0.156545;0.156136;0.154226;0.149688;0.134590
323.799988;0.150536;0.152160;0.155699;0.156893;0.157100;0.155284;0.150327;0.134857
324.000000;0.152057;0.152938;0.157102;0.157893;0.158640;0.155989;0.151441;0.137843
324.200012;0.152655;0.153751;0.157987;0.158622;0.158737;0.157234;0.152278;0.140381
324.399994;0.153009;0.154103;0.158306;0.158915;0.159236;0.159062;0.153894;0.141690
324.600006;0.153522;0.156049;0.159799;0.160323;0.161207;0.159321;0.155182;0.143791
324.799988;0.154852;0.156207;0.160299;0.161347;0.161897;0.159657;0.156712;0.145331
325.000000;0.154946;0.156562;0.160063;0.161272;0.161786;0.160559;0.157293;0.146464
325.200012;0.155400;0.157013;0.160510;0.161148;0.160891;0.160399;0.157613;0.148074
325.399994;0.155808;0.157258;0.161801;0.162034;0.161963;0.161914;0.158659;0.149522
325.600006;0.155904;0.157263;0.161302;0.162321;0.162242;0.162088;0.159887;0.151424
325.799988;0.156229;0.157994;0.161255;0.161919;0.163208;0.162430;0.160163;0.152606
326.000000;0.156932;0.157947;0.162213;0.162832;0.163740;0.162389;0.160781;0.154406
326.200012;0.156602;0.158262;0.162136;0.163139;0.163847;0.162683;0.162244;0.155530
326.399994;0.156521;0.159118;0.162596;0.163099;0.164422;0.163834;0.163090;0.157401
326.600006;0.156181;0.158857;0.162077;0.162875;0.164139;0.163895;0.162973;0.158476
326.799988;0.156605;0.158432;0.161539;0.162440;0.163984;0.164185;0.163737;0.159401
327.000000;0.156615;0.157854;0.161547;0.162425;0.163783;0.163979;0.164204;0.160536
327.200012;0.156627;0.157880;0.162024;0.163164;0.164317;0.164647;0.164950;0.162322
327.399994;0.156739;0.157609;0.162083;0.163200;0.164586;0.165472;0.165994;0.163635
327.600006;0.156548;0.157307;0.161415;0.163048;0.164258;0.165374;0.166391;0.164177
327.799988;0.156012;0.157597;0.160955;0.163233;0.164137;0.165243;0.166536;0.164676
328.000000;0.155422;0.157398;0.161008;0.162861;0.163990;0.165186;0.167004;0.165534
328.200012;0.155596;0.157059;0.160764;0.162831;0.164192;0.165271;0.167481;0.166592
328.399994;0.155515;0.156665;0.160402;0.162953;0.164171;0.165410;0.167636;0.166754
328.600006;0.154871;0.156384;0.160876;0.162316;0.163793;0.166018;0.168224;0.167898
328.799988;0.154257;0.156514;0.160395;0.161562;0.163803;0.166304;0.167411;0.168302
329.000000;0.154827;0.157010;0.160783;0.161606;0.163103;0.165944;0.167982;0.168352
329.200012;0.154149;0.156203;0.159464;0.160914;0.163209;0.165751;0.167746;0.167671
329.399994;0.154399;0.155304;0.159998;0.162228;0.163667;0.165832;0.167941;0.167958
329.600006;0.154301;0.156017;0.159896;0.161860;0.163737;0.165580;0.167868;0.168302
329.799988;0.154336;0.155218;0.159371;0.160881;0.162415;0.165412;0.167925;0.168508
330.000000;0.153096;0.154952;0.159149;0.160446;0.162264;0.165033;0.167539;0.167221
330.200012;0.153453;0.155371;0.159208;0.160956;0.162825;0.165589;0.167968;0.167974
330.399994;0.153243;0.155175;0.159226;0.160851;0.162740;0.165030;0.167793;0.167015
330.600006;0.153015;0.154173;0.158134;0.160442;0.161858;0.163952;0.167237;0.167258
330.799988;0.153141;0.154081;0.158436;0.160130;0.161686;0.164601;0.167221;0.167109
331.000000;0.152471;0.154114;0.158134;0.159763;0.161836;0.164252;0.166301;0.166128
331.200012;0.152711;0.153983;0.158200;0.159773;0.161960;0.163552;0.166303;0.165986
331.399994;0.152998;0.154411;0.158560;0.160324;0.161828;0.163906;0.166661;0.165547
331.600006;0.152713;0.154164;0.158741;0.160267;0.161639;0.163858;0.166153;0.164752
331.799988;0.153185;0.154563;0.158823;0.159647;0.161665;0.163710;0.165464;0.164449
332.000000;0.154221;0.155616;0.159870;0.160607;0.162410;0.164390;0.165755;0.164030
332.200012;0.154816;0.156449;0.160552;0.161785;0.163309;0.164844;0.165819;0.163533
332.399994;0.155447;0.156985;0.160854;0.162353;0.163804;0.164934;0.165497;0.163591
332.600006;0.156736;0.157908;0.162148;0.163411;0.164500;0.165825;0.166056;0.163606
332.799988;0.159009;0.160207;0.164206;0.165427;0.166355;0.167407;0.167149;0.163111
333.000000;0.161602;0.163134;0.166581;0.168146;0.168821;0.168883;0.167928;0.162881
333.200012;0.162962;0.165189;0.168622;0.169953;0.170558;0.170242;0.168665;0.162931
333.399994;0.164708;0.166918;0.170569;0.171701;0.172227;0.171855;0.169923;0.162230
333.600006;0.167194;0.168981;0.172474;0.174115;0.173640;0.173237;0.170679;0.161897
333.799988;0.170063;0.171787;0.175113;0.176412;0.176411;0.175142;0.172085;0.162273
334.000000;0.171895;0.174173;0.177117;0.178485;0.178144;0.177096;0.172612;0.161661
334.200012;0.174390;0.176707;0.179701;0.180227;0.180078;0.177974;0.172997;0.160974
334.399994;0.177153;0.179391;0.183108;0.183528;0.183300;0.180406;0.174811;0.160953
334.600006;0.179664;0.181750;0.185818;0.186514;0.185764;0.182448;0.175793;0.161597
334.799988;0.183467;0.184841;0.188384;0.189438;0.188318;0.184815;0.177785;0.161607
335.000000;0.186014;0.187856;0.191519;0.191738;0.191010;0.186407;0.179191;0.161468
335.200012;0.187908;0.190326;0.194443;0.194558;0.193199;0.188923;0.180938;0.162093
335.399994;0.191177;0.193331;0.197377;0.197344;0.196077;0.190991;0.182425;0.161853
335.600006;0.193972;0.196099;0.199512;0.200143;0.198180;0.192841;0.183352;0.162196
335.799988;0.195659;0.198050;0.201369;0.202019;0.199912;0.194556;0.184301;0.162204
336.000000;0.197539;0.199644;0.203782;0.203998;0.202128;0.196270;0.185677;0.162418
336.200012;0.198662;0.201107;0.204406;0.205216;0.203321;0.197590;0.186380;0.162954
336.399994;0.199148;0.202299;0.205427;0.205674;0.204075;0.198491;0.187109;0.163157
336.600006;0.199322;0.201784;0.205504;0.205698;0.204178;0.198252;0.187190;0.163099
336.799988;0.199078;0.201328;0.205230;0.205500;0.204019;0.198150;0.187499;0.163579
337.000000;0.198299;0.200996;0.204911;0.205163;0.203757;0.198443;0.188044;0.164403
337.200012;0.195680;0.198553;0.202302;0.203209;0.202133;0.197411;0.187899;0.165276
337.399994;0.192483;0.195237;0.199276;0.200215;0.199577;0.195533;0.187100;0.166084
337.600006;0.190079;0.192865;0.197164;0.197603;0.197220;0.193982;0.186219;0.166644
337.799988;0.187184;0.190030;0.194129;0.194928;0.194769;0.192381;0.185679;0.167502
338.000000;0.184013;0.186090;0.191067;0.192300;0.192214;0.190578;0.184926;0.168694
338.200012;0.180286;0.182729;0.187337;0.189099;0.189541;0.188173;0.183865;0.169199
338.399994;0.176899;0.179627;0.183978;0.186164;0.186979;0.185908;0.183207;0.169975
338.600006;0.173375;0.176279;0.180703;0.182476;0.184311;0.184324;0.182408;0.171361
338.799988;0.170070;0.172345;0.176778;0.179209;0.181270;0.182263;0.181225;0.172423
339.000000;0.166172;0.168495;0.173603;0.175579;0.177875;0.179393;0.179961;0.173415
339.200012;0.162785;0.165119;0.170048;0.171946;0.175095;0.177155;0.179092;0.174477
339.399994;0.159080;0.161769;0.166351;0.168885;0.171831;0.175363;0.178400;0.176287
339.600006;0.156496;0.159038;0.163563;0.166868;0.169257;0.173998;0.177584;0.177538
339.799988;0.152662;0.154679;0.159917;0.162805;0.166440;0.171416;0.176784;0.178699
340.000000;0.149825;0.151845;0.156745;0.160144;0.163692;0.169171;0.175935;0.180025
340.200012;0.147396;0.149511;0.154372;0.157459;0.161396;0.168062;0.175499;0.182155
340.399994;0.143995;0.146553;0.151449;0.154463;0.159255;0.165595;0.174809;0.183211
340.600006;0.141144;0.142970;0.148197;0.151283;0.156432;0.163132;0.174067;0.184927
340.799988;0.138812;0.140504;0.145432;0.149041;0.154218;0.162067;0.173559;0.187093
341.000000;0.135755;0.137564;0.142565;0.145915;0.151254;0.160085;0.172862;0.188642
341.200012;0.132955;0.134926;0.139599;0.143098;0.148819;0.158258;0.172051;0.190393
341.399994;0.130316;0.132525;0.136799;0.140619;0.146725;0.156587;0.171517;0.192039
341.600006;0.126091;0.127953;0.132291;0.136294;0.142848;0.153606;0.170378;0.194115
341.799988;0.122718;0.124044;0.128910;0.132555;0.139322;0.151049;0.169127;0.196341
342.000000;0.120336;0.121451;0.126622;0.130156;0.136889;0.149277;0.168353;0.197510
342.200012;0.117762;0.118856;0.123807;0.127747;0.134420;0.147636;0.167696;0.198440
342.399994;0.115550;0.116692;0.121359;0.125464;0.132313;0.145910;0.166945;0.199503
342.600006;0.113066;0.114190;0.118861;0.123007;0.130221;0.143760;0.165902;0.200138
342.799988;0.110668;0.111577;0.116264;0.120615;0.127784;0.142043;0.164804;0.201037
343.000000;0.108364;0.109099;0.113471;0.118260;0.125360;0.139761;0.163731;0.201107
343.200012;0.105550;0.106774;0.111379;0.115800;0.123181;0.137841;0.162084;0.201141
343.399994;0.103318;0.104120;0.108838;0.112888;0.120723;0.135476;0.160331;0.200660
343.600006;0.100836;0.101548;0.106458;0.110559;0.118096;0.133282;0.158501;0.200349
343.799988;0.098586;0.099567;0.104205;0.108390;0.115955;0.131592;0.157229;0.199533
344.000000;0.096332;0.097194;0.101489;0.105952;0.113789;0.129329;0.154789;0.198642
344.200012;0.093703;0.094940;0.099021;0.103185;0.110913;0.126726;0.153197;0.196939
344.399994;0.091266;0.092109;0.096618;0.100651;0.108283;0.124165;0.150727;0.195120
344.600006;0.088496;0.089708;0.093840;0.098312;0.105781;0.121463;0.148328;0.192963
344.799988;0.085925;0.087070;0.091232;0.095435;0.103425;0.119441;0.146292;0.190789
345.000000;0.084260;0.084946;0.088971;0.093413;0.101128;0.116950;0.143256;0.188244
345.200012;0.082505;0.082777;0.086722;0.090969;0.098533;0.114374;0.140755;0.185643
345.399994;0.080016;0.080492;0.084826;0.088398;0.095978;0.111415;0.138012;0.182531
345.600006;0.077606;0.078177;0.082535;0.086342;0.093422;0.109039;0.135041;0.179114
345.799988;0.075294;0.075859;0.080410;0.084022;0.091360;0.106317;0.132236;0.175643
346.000000;0.071891;0.072227;0.076489;0.080099;0.087144;0.101861;0.126891;0.169281
346.200012;0.069064;0.069369;0.073384;0.076727;0.083766;0.098096;0.122187;0.163913
346.399994;0.067027;0.067472;0.071687;0.074668;0.081550;0.095422;0.119044;0.159727
346.600006;0.065041;0.065626;0.069629;0.072890;0.079161;0.092720;0.116034;0.155462
346.799988;0.063222;0.063704;0.067604;0.070766;0.076753;0.089831;0.112691;0.151182
347.000000;0.061256;0.061716;0.065605;0.068536;0.074469;0.087156;0.109200;0.146450
347.200012;0.059128;0.059756;0.063357;0.066554;0.072232;0.084569;0.105914;0.141724
347.399994;0.057497;0.057845;0.061663;0.064641;0.070133;0.081869;0.102643;0.137541
347.600006;0.056116;0.056126;0.059985;0.062784;0.068277;0.079541;0.099377;0.133266
347.799988;0.054594;0.054640;0.058322;0.061059;0.066291;0.077210;0.096495;0.128713
348.000000;0.052579;0.052819;0.056437;0.059010;0.063916;0.074487;0.092918;0.123907
348.200012;0.050936;0.051407;0.054301;0.057066;0.061987;0.072063;0.089397;0.119586
348.399994;0.049264;0.049573;0.052642;0.055072;0.059714;0.069301;0.086471;0.114853
348.600006;0.047938;0.048283;0.051473;0.053714;0.057581;0.067049;0.083244;0.110686
348.799988;0.045997;0.046284;0.049071;0.051264;0.055521;0.063842;0.079816;0.105774
349.000000;0.044884;0.045025;0.048131;0.050457;0.053946;0.062117;0.077156;0.102035
349.200012;0.043274;0.043274;0.046514;0.048786;0.052359;0.059968;0.074220;0.097811
349.399994;0.042332;0.042232;0.045334;0.047415;0.050659;0.057842;0.071516;0.094081
349.600006;0.041102;0.040955;0.043993;0.045650;0.048905;0.055848;0.068536;0.089875
349.799988;0.039614;0.039158;0.042109;0.044103;0.046970;0.053446;0.065632;0.085807
350.000000;0.038654;0.038229;0.041080;0.042699;0.045456;0.051437;0.062986;0.082220
350.200012;0.037300;0.036926;0.039604;0.041385;0.043705;0.049260;0.060045;0.078268
350.399994;0.035525;0.035198;0.037947;0.039292;0.041570;0.046547;0.056337;0.072419
350.600006;0.034126;0.033856;0.036647;0.037597;0.039770;0.044188;0.053291;0.068223
350.799988;0.033591;0.033006;0.035748;0.036797;0.038519;0.042698;0.051195;0.065194
351.000000;0.032638;0.032042;0.034506;0.035701;0.037389;0.040889;0.049172;0.062107
351.200012;0.029676;0.031126;0.033537;0.034559;0.035740;0.039197;0.047149;0.059176
351.399994;0.028965;0.030270;0.032754;0.033604;0.034426;0.037758;0.045153;0.056533
351.600006;0.029954;0.029567;0.031872;0.032772;0.033793;0.036545;0.043431;0.053961
351.799988;0.029507;0.028931;0.031221;0.031963;0.032879;0.035547;0.041831;0.051345
352.000000;0.028689;0.028149;0.030582;0.030983;0.031718;0.034279;0.040002;0.048838
352.200012;0.028050;0.027374;0.029660;0.029993;0.030799;0.032940;0.038351;0.046420
352.399994;0.027630;0.026704;0.028903;0.029214;0.029880;0.031941;0.036950;0.044181
352.600006;0.027065;0.026439;0.028401;0.028840;0.029261;0.031071;0.035599;0.042635
352.799988;0.026271;0.025612;0.027483;0.027937;0.027954;0.029618;0.033923;0.040471
353.000000;0.026028;0.025147;0.026971;0.027337;0.027317;0.028665;0.032929;0.038623
353.200012;0.025909;0.025101;0.026890;0.027326;0.026804;0.027843;0.031737;0.036868
353.399994;0.025024;0.024107;0.026035;0.026011;0.025863;0.027057;0.030148;0.035224
353.600006;0.024679;0.023636;0.026007;0.025603;0.025413;0.026300;0.029190;0.033722
353.799988;0.023854;0.023063;0.024736;0.025027;0.024407;0.025383;0.027726;0.031917
354.000000;0.024144;0.023006;0.024974;0.024405;0.024246;0.024584;0.027133;0.030557
354.200012;0.023431;0.022823;0.024302;0.024051;0.023751;0.024117;0.026235;0.029342
354.399994;0.022740;0.021987;0.023533;0.023962;0.023195;0.023179;0.025279;0.027599
354.600006;0.022902;0.021685;0.023636;0.023607;0.023054;0.022998;0.024474;0.026983
354.799988;0.022220;0.021140;0.022872;0.022702;0.021750;0.021667;0.022860;0.024542
355.000000;0.021624;0.020757;0.022243;0.021948;0.021179;0.020725;0.021956;0.022898
355.200012;0.021441;0.020434;0.021945;0.021586;0.020775;0.020188;0.021208;0.022010
355.399994;0.021101;0.019828;0.021722;0.021265;0.020349;0.019471;0.020202;0.021009
355.600006;0.021023;0.019854;0.021348;0.021192;0.019961;0.019024;0.019622;0.020178
355.799988;0.020819;0.019495;0.021083;0.020763;0.019614;0.018456;0.019053;0.019196
356.000000;0.020670;0.019333;0.020802;0.020383;0.019181;0.018133;0.018577;0.018521
356.200012;0.020456;0.019150;0.020581;0.020252;0.018929;0.017753;0.018096;0.017847
356.399994;0.020203;0.019032;0.020552;0.020209;0.018864;0.017471;0.017743;0.017148
356.600006;0.019940;0.019004;0.020406;0.019923;0.018635;0.017262;0.017465;0.016585
356.799988;0.019608;0.018521;0.019994;0.019338;0.018136;0.016701;0.016712;0.015709
357.000000;0.019598;0.018370;0.019736;0.019094;0.017749;0.016358;0.016110;0.014942
357.200012;0.019584;0.018464;0.019779;0.019080;0.017663;0.016198;0.015966;0.014525
357.399994;0.019217;0.018215;0.019504;0.018913;0.017324;0.016045;0.015286;0.013849
357.600006;0.018813;0.017437;0.018958;0.018479;0.017068;0.015367;0.014788;0.013266
357.799988;0.018933;0.017355;0.018957;0.018530;0.016859;0.015067;0.014758;0.012771
358.000000;0.018488;0.017177;0.018609;0.018090;0.016696;0.014338;0.013939;0.012145
358.200012;0.018645;0.017285;0.018373;0.018188;0.016243;0.014656;0.013950;0.011457
358.399994;0.018217;0.017157;0.018279;0.017842;0.016283;0.014430;0.013465;0.011382
358.600006;0.017905;0.016651;0.017721;0.017193;0.015346;0.013733;0.013219;0.010683
358.799988;0.017541;0.016659;0.017979;0.017095;0.015530;0.013663;0.012849;0.010465
359.000000;0.017558;0.016571;0.017634;0.017006;0.015213;0.013416;0.012445;0.010195
359.200012;0.017315;0.016044;0.017154;0.017014;0.015335;0.013270;0.011983;0.009448
359.399994;0.017060;0.015860;0.016928;0.016573;0.014852;0.012842;0.011688;0.009145
359.600006;0.016902;0.015643;0.017019;0.016198;0.014723;0.012424;0.011575;0.008963
359.799988;0.017012;0.015515;0.016791;0.016102;0.014259;0.012360;0.011308;0.008713
360.000000;0.016684;0.015377;0.016621;0.015791;0.014117;0.012390;0.011054;0.008323
360.200012;0.016700;0.015553;0.016778;0.015954;0.014365;0.012438;0.011278;0.008308
360.399994;0.016610;0.015168;0.016567;0.015655;0.014114;0.012133;0.010900;0.008136
360.600006;0.016361;0.015026;0.016128;0.015271;0.013815;0.011860;0.010499;0.007884
360.799988;0.016060;0.014935;0.015998;0.015301;0.013813;0.011820;0.010497;0.007615
361.000000;0.016090;0.014825;0.015910;0.015204;0.013747;0.011555;0.010415;0.007452
361.200012;0.016347;0.014842;0.015777;0.015187;0.013690;0.011440;0.010267;0.007403
361.399994;0.016173;0.014696;0.015654;0.015252;0.013595;0.011552;0.010128;0.007263
361.600006;0.015883;0.014625;0.015569;0.015168;0.013534;0.011333;0.009992;0.007210
361.799988;0.015911;0.014673;0.015555;0.015110;0.013525;0.011035;0.009921;0.007198
362.000000;0.015652;0.014414;0.015333;0.014637;0.012963;0.010728;0.009638;0.006850
362.200012;0.015333;0.014104;0.015321;0.014435;0.012756;0.010553;0.009408;0.006663
362.399994;0.015194;0.013992;0.015184;0.014158;0.012702;0.010736;0.009389;0.006753
362.600006;0.015282;0.013978;0.015116;0.014224;0.012568;0.010787;0.009333;0.006806
362.799988;0.015120;0.013604;0.014720;0.014088;0.012567;0.010108;0.009116;0.006358
363.000000;0.015390;0.013951;0.015082;0.014264;0.012742;0.010520;0.009203;0.006430
363.200012;0.014927;0.013622;0.014727;0.013950;0.012047;0.009783;0.008877;0.006179
363.399994;0.014886;0.013261;0.014467;0.013945;0.011724;0.009533;0.008593;0.005893
363.600006;0.014180;0.012966;0.014109;0.013517;0.011795;0.009634;0.008516;0.005697
363.799988;0.014254;0.013151;0.014171;0.013351;0.011547;0.009578;0.008452;0.005576
364.000000;0.014586;0.013005;0.013989;0.013448;0.011530;0.009752;0.008404;0.005382
364.200012;0.014462;0.013004;0.014115;0.013334;0.011733;0.009686;0.008189;0.005687
364.399994;0.014057;0.013011;0.013860;0.013161;0.011378;0.009406;0.008124;0.005771
364.600006;0.013929;0.012734;0.013545;0.013100;0.011123;0.009207;0.007871;0.005452
364.799988;0.013944;0.012778;0.013440;0.012955;0.011047;0.009145;0.008006;0.005374
365.000000;0.013923;0.012599;0.013484;0.012771;0.011411;0.009238;0.008251;0.005473
365.200012;0.013869;0.012425;0.013576;0.013024;0.011320;0.009128;0.008065;0.005498
365.399994;0.013850;0.012457;0.013483;0.013123;0.011360;0.009107;0.008106;0.005403
365.600006;0.013504;0.012143;0.013341;0.012657;0.011151;0.008994;0.007945;0.005028
365.799988;0.013135;0.011945;0.013072;0.012266;0.010793;0.008619;0.007388;0.004735
366.000000;0.012988;0.011897;0.012854;0.012322;0.010772;0.008487;0.007144;0.004919
366.200012;0.012955;0.011637;0.012774;0.012454;0.010600;0.008511;0.007304;0.005031
366.399994;0.012976;0.011567;0.012710;0.012202;0.010329;0.008535;0.007382;0.004910
366.600006;0.012943;0.011692;0.012827;0.011974;0.010464;0.008616;0.007322;0.005094
366.799988;0.012987;0.011876;0.012831;0.012219;0.010600;0.008390;0.007354;0.005037
367.000000;0.012826;0.011932;0.012761;0.012012;0.010510;0.008709;0.007343;0.004757
367.200012;0.012528;0.011483;0.012582;0.011592;0.009974;0.008245;0.007074;0.004736
367.399994;0.012529;0.011276;0.012444;0.011499;0.009875;0.007975;0.007052;0.004763
367.600006;0.012688;0.011225;0.012463;0.011762;0.010221;0.008065;0.007080;0.004566
367.799988;0.013097;0.011695;0.012395;0.012229;0.010411;0.008348;0.007435;0.005132
368.000000;0.012274;0.010922;0.012022;0.011409;0.009946;0.007392;0.007080;0.004304
368.200012;0.012274;0.010826;0.012171;0.011498;0.010166;0.007992;0.006985;0.004541
368.399994;0.011799;0.010924;0.011707;0.011352;0.009653;0.007682;0.006627;0.004192
368.600006;0.012003;0.010795;0.012230;0.011303;0.010151;0.008150;0.006870;0.004846
368.799988;0.011610;0.010512;0.011454;0.010827;0.009875;0.007261;0.006550;0.004400
369.000000;0.012322;0.010831;0.011798;0.011476;0.010499;0.008272;0.007346;0.004713
369.200012;0.012351;0.011387;0.012108;0.011671;0.010231;0.008542;0.007472;0.004773
369.399994;0.011821;0.010727;0.011458;0.011046;0.009668;0.007876;0.006781;0.004341
369.600006;0.012206;0.010898;0.011545;0.011283;0.009784;0.007924;0.006821;0.004792
369.799988;0.011682;0.010529;0.010839;0.010804;0.009580;0.007532;0.006370;0.004390
370.000000;0.011766;0.011062;0.010838;0.011479;0.009732;0.007702;0.006850;0.004734
370.200012;0.011679;0.011450;0.011228;0.011407;0.010027;0.007456;0.007402;0.004832
370.399994;0.011142;0.010594;0.010735;0.011101;0.009182;0.007284;0.006339;0.004361
370.600006;0.011261;0.010697;0.010822;0.010893;0.009372;0.007224;0.006988;0.004404
370.799988;0.011644;0.011073;0.010800;0.011228;0.009778;0.007416;0.007038;0.004810
371.000000;0.011790;0.010945;0.010986;0.011087;0.009444;0.007850;0.007144;0.004912
371.200012;0.011576;0.010821;0.010808;0.010808;0.009392;0.007876;0.006846;0.004784
371.399994;0.011157;0.010735;0.010656;0.010830;0.009169;0.007706;0.006816;0.004540
371.600006;0.011297;0.010833;0.010640;0.010718;0.009383;0.007625;0.007094;0.004374
371.799988;0.011194;0.010580;0.010664;0.010618;0.009072;0.007266;0.006865;0.004444
372.000000;0.011021;0.010366;0.010467;0.010475;0.008788;0.006915;0.006676;0.004286
372.200012;0.011020;0.010622;0.010376;0.010859;0.009125;0.007233;0.006879;0.004713
372.399994;0.010852;0.010316;0.010103;0.010685;0.009069;0.007046;0.006603;0.004520
372.600006;0.010767;0.010181;0.010084;0.010394;0.008944;0.006796;0.006399;0.004216
372.799988;0.010763;0.010206;0.010303;0.010498;0.008848;0.007085;0.006572;0.004274
373.000000;0.010732;0.009707;0.010164;0.010385;0.008675;0.007133;0.006390;0.004034
373.200012;0.010810;0.009723;0.010050;0.010299;0.008917;0.007034;0.006290;0.004234
373.399994;0.010776;0.010071;0.010092;0.010252;0.008866;0.007069;0.006563;0.004569
373.600006;0.010929;0.010163;0.010079;0.010505;0.008929;0.007228;0.006611;0.004609
373.799988;0.010756;0.009924;0.009933;0.010411;0.008704;0.006889;0.006493;0.004406
374.000000;0.010239;0.009878;0.009817;0.009981;0.008402;0.006573;0.006223;0.004456
374.200012;0.009948;0.009680;0.009800;0.009983;0.008517;0.006740;0.006427;0.004281
374.399994;0.010528;0.009949;0.009933;0.010268;0.008927;0.007123;0.006681;0.004530
374.600006;0.010352;0.009954;0.009673;0.009923;0.008678;0.006818;0.006453;0.004146
374.799988;0.010179;0.009695;0.009631;0.009755;0.008330;0.006688;0.006513;0.004525
375.000000;0.009718;0.009391;0.009546;0.009554;0.008049;0.006709;0.006144;0.004083
375.200012;0.009973;0.009506;0.009717;0.010041;0.008241;0.006653;0.006286;0.004131
375.399994;0.010196;0.009190;0.009577;0.009734;0.008269;0.006863;0.006326;0.004020
375.600006;0.009790;0.008986;0.008719;0.009255;0.007893;0.006492;0.005698;0.003610
375.799988;0.010125;0.009526;0.009217;0.009677;0.008317;0.006692;0.006164;0.004071
376.000000;0.009915;0.009224;0.008936;0.009498;0.008067;0.006267;0.006063;0.004094
376.200012;0.009712;0.009086;0.009170;0.009487;0.007909;0.006428;0.006067;0.004183
376.399994;0.009684;0.008981;0.009126;0.009457;0.008041;0.006638;0.006073;0.004227
376.600006;0.009636;0.008952;0.008993;0.009376;0.008083;0.006464;0.005894;0.003957
376.799988;0.009803;0.009177;0.009058;0.009394;0.008213;0.006519;0.005922;0.004096
377.000000;0.009878;0.009164;0.008935;0.009433;0.008078;0.006453;0.005972;0.004222
377.200012;0.009853;0.009065;0.008980;0.009540;0.007873;0.006334;0.006040;0.004400
377.399994;0.009607;0.008825;0.008924;0.009336;0.007770;0.006197;0.006010;0.004259
377.600006;0.009354;0.008694;0.008727;0.009037;0.007687;0.006043;0.005733;0.003828
377.799988;0.009407;0.008892;0.008821;0.009156;0.007803;0.006054;0.005733;0.003855
378.000000;0.009460;0.008857;0.008910;0.009293;0.008004;0.006055;0.005972;0.004040
378.200012;0.009502;0.008799;0.008988;0.009283;0.008056;0.006143;0.005839;0.004132
378.399994;0.009350;0.008798;0.008798;0.009037;0.007966;0.006171;0.005787;0.003954
378.600006;0.009339;0.008817;0.008892;0.008878;0.007812;0.006160;0.005815;0.004105
378.799988;0.009128;0.008519;0.008706;0.008919;0.007616;0.006215;0.005609;0.003936
379.000000;0.009127;0.008679;0.008371;0.008835;0.007566;0.006055;0.005727;0.003935
379.200012;0.009045;0.008346;0.008068;0.008630;0.007251;0.005737;0.005335;0.003720
379.399994;0.009115;0.008625;0.008026;0.008785;0.007552;0.005969;0.005588;0.004047
379.600006;0.009106;0.008395;0.008334;0.008689;0.007548;0.005916;0.005835;0.004173
379.799988;0.009274;0.008568;0.008587;0.008779;0.007566;0.006091;0.005743;0.004139
380.000000;0.009132;0.008425;0.008073;0.008474;0.007128;0.005813;0.005436;0.003954
380.200012;0.008756;0.008480;0.008194;0.008745;0.007181;0.005886;0.005585;0.003755
380.399994;0.008661;0.008228;0.008224;0.008643;0.007338;0.006108;0.005628;0.003842
380.600006;0.008753;0.008296;0.007988;0.008618;0.007243;0.005984;0.005399;0.003828
380.799988;0.008918;0.008338;0.007983;0.008517;0.007233;0.006032;0.005842;0.004081
381.000000;0.008896;0.008293;0.007950;0.008531;0.007026;0.005958;0.005681;0.004238
381.200012;0.008517;0.007983;0.007587;0.008316;0.006765;0.005585;0.005185;0.003911
381.399994;0.008534;0.008017;0.007701;0.008415;0.007143;0.005532;0.005438;0.003853
381.600006;0.008834;0.008052;0.007837;0.008465;0.007171;0.005832;0.005767;0.004046
381.799988;0.008553;0.007874;0.007615;0.008446;0.006876;0.005515;0.005457;0.003850
382.000000;0.008111;0.007624;0.007412;0.008187;0.006715;0.005104;0.005254;0.003641
382.200012;0.008135;0.007551;0.007474;0.008022;0.006748;0.005335;0.005380;0.003749
382.399994;0.008239;0.007698;0.007460;0.008119;0.006732;0.005523;0.005329;0.003839
382.600006;0.008195;0.007705;0.007315;0.008071;0.006595;0.005403;0.005228;0.003831
382.799988;0.008206;0.007576;0.007353;0.008086;0.006699;0.005475;0.005198;0.003753
383.000000;0.008140;0.007549;0.007238;0.007990;0.006673;0.005397;0.005025;0.003577
383.200012;0.008222;0.007604;0.007274;0.007981;0.006714;0.005245;0.005144;0.003696
383.399994;0.008239;0.007678;0.007324;0.008001;0.006898;0.005370;0.005231;0.003709
383.600006;0.007986;0.007419;0.007140;0.007713;0.006606;0.005349;0.004937;0.003845
383.799988;0.008246;0.007593;0.007284;0.007911;0.006627;0.005370;0.005307;0.003824
384.000000;0.007750;0.007277;0.007064;0.007626;0.006378;0.004943;0.004994;0.003476
384.200012;0.008060;0.007590;0.007031;0.007646;0.006568;0.005105;0.005142;0.003813
384.399994;0.007680;0.007213;0.006910;0.007774;0.006406;0.005205;0.004841;0.003886
384.600006;0.007987;0.007287;0.007054;0.007780;0.006465;0.005169;0.005130;0.003588
384.799988;0.007815;0.006997;0.006817;0.007482;0.006199;0.005044;0.005059;0.003542
385.000000;0.007866;0.007053;0.006815;0.007315;0.006295;0.004905;0.004794;0.003686
385.200012;0.007778;0.007022;0.006718;0.007506;0.006182;0.004742;0.004721;0.003579
385.399994;0.007728;0.007112;0.006762;0.007472;0.006127;0.005052;0.004884;0.003638
385.600006;0.007965;0.007070;0.006850;0.007630;0.006231;0.004931;0.004962;0.003830
385.799988;0.007832;0.007130;0.006921;0.007531;0.006138;0.005031;0.004819;0.003520
386.000000;0.007565;0.006981;0.006749;0.007335;0.006087;0.004849;0.004630;0.003451
386.200012;0.007506;0.006969;0.006695;0.007359;0.006038;0.004656;0.004792;0.003606
386.399994;0.007549;0.007090;0.006767;0.007552;0.006083;0.004758;0.004797;0.003618
386.600006;0.007741;0.007089;0.006806;0.007517;0.006248;0.004823;0.004774;0.003696
386.799988;0.007679;0.006971;0.006801;0.007363;0.006245;0.004747;0.004821;0.003747
387.000000;0.007351;0.006922;0.006679;0.007371;0.006061;0.004772;0.004714;0.003644
387.200012;0.007306;0.006923;0.006514;0.007442;0.005986;0.004762;0.004577;0.003617
387.399994;0.007465;0.006844;0.006398;0.007396;0.005943;0.004602;0.004536;0.003604
387.600006;0.007548;0.006725;0.006287;0.007250;0.005833;0.004573;0.004533;0.003556
387.799988;0.007398;0.006584;0.006379;0.007325;0.005865;0.004596;0.004443;0.003579
388.000000;0.007355;0.006717;0.006460;0.007297;0.005874;0.004719;0.004620;0.003510
388.200012;0.007437;0.006906;0.006417;0.007341;0.006071;0.004787;0.004724;0.003684
388.399994;0.007403;0.006490;0.006360;0.007292;0.005916;0.004622;0.004691;0.003672
388.600006;0.007344;0.006449;0.006166;0.007140;0.005678;0.004467;0.004496;0.003284
388.799988;0.007053;0.006325;0.006001;0.006966;0.005670;0.004277;0.004452;0.003236
389.000000;0.007058;0.006504;0.006167;0.007071;0.005788;0.004562;0.004575;0.003594
389.200012;0.007150;0.006471;0.005996;0.006991;0.005728;0.004546;0.004292;0.003222
389.399994;0.006845;0.006278;0.005800;0.006887;0.005575;0.004314;0.004243;0.003132
389.600006;0.006851;0.006597;0.006080;0.006971;0.005758;0.004331;0.004380;0.003272
389.799988;0.006828;0.006416;0.005797;0.006893;0.005459;0.004510;0.004238;0.003124
390.000000;0.006748;0.006219;0.005771;0.006771;0.005294;0.004170;0.004102;0.002880
390.200012;0.006665;0.006107;0.005706;0.006584;0.005209;0.004061;0.004103;0.003021
390.399994;0.006747;0.006136;0.005703;0.006665;0.005326;0.004228;0.004047;0.002942
390.600006;0.006672;0.006162;0.005570;0.006728;0.005244;0.004203;0.004191;0.002991
390.799988;0.006672;0.006137;0.005457;0.006640;0.005126;0.004042;0.004134;0.002962
391.000000;0.006768;0.006078;0.005566;0.006683;0.005265;0.004049;0.004060;0.002964
391.200012;0.006849;0.006081;0.005753;0.006675;0.005419;0.004091;0.004061;0.003046
391.399994;0.006774;0.006039;0.005654;0.006592;0.005355;0.004100;0.004072;0.003001
391.600006;0.006562;0.006058;0.005554;0.006491;0.005147;0.004066;0.004063;0.002821
391.799988;0.006442;0.006189;0.005593;0.006434;0.005160;0.004009;0.003958;0.002824
392.000000;0.006452;0.006121;0.005583;0.006534;0.005306;0.004060;0.003918;0.003020
392.200012;0.006445;0.005824;0.005553;0.006523;0.005099;0.004015;0.003944;0.002883
392.399994;0.006436;0.005604;0.005387;0.006404;0.004992;0.003840;0.003750;0.002570
392.600006;0.006337;0.005588;0.005440;0.006357;0.004977;0.003914;0.003742;0.002614
392.799988;0.006235;0.005583;0.005217;0.006193;0.004874;0.003836;0.003774;0.002657
393.000000;0.006387;0.005675;0.005343;0.006366;0.004951;0.003821;0.003935;0.002805
393.200012;0.006278;0.005621;0.005249;0.006104;0.004815;0.003640;0.003809;0.002565
393.399994;0.006231;0.005638;0.005200;0.006141;0.004877;0.003631;0.003855;0.002633
393.600006;0.006148;0.005649;0.005029;0.005967;0.004940;0.003743;0.003750;0.002653
393.799988;0.006239;0.005596;0.005211;0.006210;0.004838;0.003838;0.003793;0.002406
394.000000;0.006483;0.005652;0.005235;0.006172;0.004909;0.003896;0.003869;0.002820
394.200012;0.006287;0.005637;0.005179;0.006018;0.004899;0.003810;0.003724;0.002696
394.399994;0.006312;0.005634;0.005298;0.006039;0.004768;0.003733;0.003721;0.002476
394.600006;0.006217;0.005573;0.005304;0.006181;0.004898;0.003833;0.003713;0.002607
394.799988;0.006169;0.005576;0.005184;0.006062;0.004818;0.003603;0.003843;0.002585
395.000000;0.006057;0.005338;0.005206;0.006111;0.004805;0.003667;0.003744;0.002531
395.200012;0.005907;0.005366;0.005047;0.005954;0.004728;0.003465;0.003653;0.002506
395.399994;0.006024;0.005438;0.005034;0.006011;0.004640;0.003531;0.003689;0.002496
395.600006;0.006540;0.005513;0.005054;0.006099;0.004746;0.003647;0.003733;0.002601
395.799988;0.006353;0.005459;0.005032;0.006035;0.004818;0.003591;0.003812;0.002667
396.000000;0.006073;0.005407;0.004997;0.005943;0.004693;0.003542;0.003764;0.002588
396.200012;0.006074;0.005480;0.005003;0.005986;0.004713;0.003626;0.003689;0.002641
396.399994;0.006040;0.005418;0.004996;0.005950;0.004815;0.003725;0.003709;0.002722
396.600006;0.005954;0.005235;0.004865;0.005778;0.004671;0.003638;0.003599;0.002521
396.799988;0.005737;0.005261;0.004747;0.005788;0.004529;0.003466;0.003451;0.002398
397.000000;0.005772;0.005335;0.004744;0.005763;0.004515;0.003523;0.003484;0.002527
397.200012;0.005918;0.005313;0.004874;0.005724;0.004558;0.003736;0.003578;0.002574
397.399994;0.005824;0.005422;0.005092;0.005879;0.004703;0.003544;0.003706;0.002597
397.600006;0.005711;0.005229;0.004785;0.005702;0.004629;0.003512;0.003471;0.002433
397.799988;0.005759;0.005116;0.004639;0.005785;0.004550;0.003496;0.003471;0.002403
398.000000;0.005736;0.004942;0.004693;0.005680;0.004379;0.003442;0.003482;0.002461
398.200012;0.005736;0.005115;0.004773;0.005801;0.004492;0.003461;0.003464;0.002498
398.399994;0.005965;0.005218;0.004810;0.005689;0.004441;0.003525;0.003559;0.002366
398.600006;0.005763;0.005145;0.004820;0.005798;0.004504;0.003453;0.003596;0.002523
398.799988;0.005827;0.005162;0.004763;0.005696;0.004439;0.003476;0.003501;0.002608
399.000000;0.005771;0.005077;0.004699;0.005708;0.004474;0.003404;0.003401;0.002497
399.200012;0.005649;0.005105;0.004693;0.005569;0.004474;0.003395;0.003359;0.002423
399.399994;0.005721;0.004988;0.004616;0.005449;0.004259;0.003351;0.003172;0.002335
399.600006;0.005711;0.005170;0.004635;0.005540;0.004346;0.003431;0.003280;0.002466
399.799988;0.005681;0.005158;0.004788;0.005655;0.004315;0.003419;0.003376;0.002469
400.000000;0.005637;0.005028;0.004630;0.005490;0.004476;0.003269;0.003394;0.002363
