200.000000;0.610036;0.471715;0.903090;0.513119;0.488121;0.170694;0.790501;1.191852
200.500000;1.196266;7.000000;0.848571;0.842512;1.124130;0.727502;0.875395;1.226126
201.000000;0.698903;0.895109;7.000000;0.602014;0.369933;0.655492;0.590587;1.169098
201.500000;1.357019;0.737820;7.000000;0.911396;7.000000;0.980708;0.818875;1.475744
202.000000;1.139453;1.483803;1.076587;0.865592;1.195681;1.533581;1.065533;0.861141
202.500000;1.763430;1.285337;2.809799;1.552173;1.169768;1.802687;1.199275;1.382658
203.000000;1.596367;1.530003;7.000000;1.293796;1.369518;1.359048;1.437189;2.124439
203.500000;1.803402;1.561457;2.018736;1.684453;1.780498;1.780519;1.899356;1.601719
204.000000;1.636048;1.732928;1.869106;1.709619;1.970834;1.761617;1.674436;1.772049
204.500000;1.917542;1.665599;2.030093;1.644150;1.795583;1.681325;1.712092;1.796660
205.000000;1.933635;1.722072;1.789420;1.704714;2.050285;1.806474;1.758739;1.739045
205.500000;1.809690;1.847391;1.905368;1.901078;1.876186;1.797314;1.699930;1.868049
206.000000;1.802678;1.794819;1.885550;1.833547;1.799246;1.796062;1.860387;1.804806
206.500000;1.854761;1.844183;1.929116;1.837474;1.809129;1.809312;1.917926;1.775360
207.000000;1.941062;1.891497;1.851377;1.961387;1.932067;1.823523;1.843016;1.823477
207.500000;1.882190;1.901237;1.956076;1.869514;1.848431;1.813088;1.851632;1.792787
208.000000;1.889429;1.885417;1.936879;1.852061;1.937736;1.856557;1.869426;1.858270
208.500000;1.900999;1.895256;1.893212;1.845796;1.881115;1.833420;1.842244;1.818035
209.000000;1.891966;1.886356;1.862934;1.877929;1.849997;1.846976;1.837456;1.800184
209.500000;1.883440;1.862596;1.889770;1.859346;1.846122;1.846040;1.821554;1.802404
210.000000;1.836308;1.830445;1.830981;1.828244;1.844376;1.818643;1.821145;1.781586
210.500000;1.842758;1.827384;1.836411;1.824997;1.819839;1.839952;1.789374;1.783837
211.000000;1.820234;1.805940;1.804819;1.803806;1.795970;1.781422;1.759260;1.759532
211.500000;1.798956;1.795457;1.801853;1.775983;1.786593;1.759486;1.752570;1.737070
212.000000;1.780897;1.763413;1.770261;1.759164;1.755745;1.731009;1.733624;1.711543
212.500000;1.757832;1.746930;1.753266;1.731542;1.726751;1.711519;1.689799;1.676449
213.000000;1.744063;1.722544;1.721979;1.700896;1.696765;1.673585;1.667231;1.641221
213.500000;1.715433;1.704856;1.692885;1.679112;1.660615;1.657586;1.645206;1.615328
214.000000;1.682948;1.680224;1.667572;1.651968;1.641139;1.628979;1.616041;1.589571
214.500000;1.686610;1.657461;1.645625;1.634965;1.615041;1.601397;1.582796;1.569969
215.000000;1.656740;1.641269;1.630650;1.613763;1.596547;1.577669;1.555921;1.537334
215.500000;1.642392;1.620232;1.614055;1.589979;1.578780;1.563014;1.539344;1.517416
216.000000;1.633080;1.609830;1.601244;1.580534;1.564484;1.541682;1.528076;1.504824
216.500000;1.627871;1.599482;1.587242;1.574769;1.552417;1.534465;1.518473;1.493401
217.000000;1.629917;1.597628;1.585457;1.574839;1.549242;1.528279;1.509182;1.485554
217.500000;1.626753;1.597805;1.586138;1.567845;1.550170;1.528862;1.507342;1.482557
218.000000;1.624991;1.600748;1.586847;1.569353;1.546869;1.531098;1.507309;1.489176
218.500000;1.638499;1.609461;1.594949;1.576004;1.556678;1.532993;1.515982;1.495658
219.000000;1.640851;1.619028;1.602081;1.580422;1.562506;1.538964;1.521837;1.502975
219.500000;1.647044;1.625152;1.607717;1.590630;1.570465;1.554639;1.534466;1.518412
220.000000;1.658149;1.638032;1.615570;1.595285;1.581822;1.567918;1.551294;1.533485
220.500000;1.664004;1.642549;1.623618;1.609127;1.597674;1.585751;1.570392;1.555543
221.000000;1.675526;1.655852;1.641316;1.624047;1.619669;1.607967;1.592347;1.578234
221.500000;1.687501;1.670770;1.654538;1.640301;1.638383;1.628534;1.614906;1.604326
222.000000;1.700195;1.676542;1.667064;1.654205;1.657182;1.650287;1.641428;1.634536
222.500000;1.713444;1.692093;1.685127;1.672103;1.681881;1.673420;1.668212;1.664142
223.000000;1.726436;1.712257;1.704784;1.694009;1.703436;1.701308;1.696832;1.695614
223.500000;1.746909;1.737111;1.721567;1.716394;1.730453;1.731152;1.726375;1.736075
224.000000;1.765507;1.759340;1.737406;1.739419;1.756240;1.756785;1.754487;1.768798
224.500000;1.787151;1.771030;1.766148;1.765159;1.788256;1.788688;1.790204;1.808156
225.000000;1.805820;1.795582;1.787814;1.789810;1.819123;1.825452;1.831254;1.842483
225.500000;1.830316;1.816236;1.811804;1.816312;1.848038;1.854535;1.865283;1.885095
226.000000;1.847795;1.840907;1.840414;1.842057;1.875093;1.896665;1.896539;1.916786
226.500000;1.877625;1.867083;1.863762;1.869951;1.901426;1.921640;1.938783;1.953684
227.000000;1.892220;1.886156;1.893435;1.896750;1.941735;1.954747;1.966917;1.995635
227.500000;1.913224;1.911866;1.919498;1.919752;1.969981;1.989487;2.000213;2.034675
228.000000;1.934794;1.939948;1.944465;1.944825;1.995233;2.019735;2.043253;2.069264
228.500000;1.954718;1.967004;1.971698;1.975399;2.021324;2.050682;2.067592;2.098418
229.000000;1.976826;1.988084;1.992809;2.002069;2.050160;2.078990;2.089684;2.136050
229.500000;2.006377;2.009001;2.013674;2.021719;2.082153;2.101272;2.125943;2.161039
230.000000;2.029989;2.032129;2.033350;2.054598;2.106527;2.125872;2.149969;2.185188
230.500000;2.051488;2.052015;2.062543;2.074651;2.126465;2.149168;2.173358;2.210984
231.000000;2.083492;2.074010;2.080428;2.096674;2.151465;2.170242;2.203603;2.234396
231.500000;2.113607;2.103024;2.106106;2.116823;2.175334;2.196710;2.224272;2.258218
232.000000;2.126800;2.131293;2.141306;2.141813;2.191730;2.216840;2.254423;2.276762
232.500000;2.148868;2.158057;2.158062;2.163000;2.219885;2.241012;2.263494;2.303730
233.000000;2.183562;2.181203;2.176501;2.189250;2.233784;2.262429;2.277874;2.327447
233.500000;2.210399;2.201553;2.204508;2.211770;2.255650;2.287580;2.311708;2.349305
234.000000;2.231317;2.231535;2.233521;2.234180;2.280752;2.310194;2.335340;2.363485
234.500000;2.262907;2.260284;2.263946;2.259669;2.294938;2.336633;2.344749;2.381168
235.000000;2.293405;2.282447;2.285239;2.281971;2.325751;2.354612;2.367717;2.408961
235.500000;2.333124;2.310293;2.314519;2.309785;2.347762;2.377015;2.412662;2.444627
236.000000;2.354107;2.338165;2.347147;2.343220;2.375177;2.422494;2.438444;2.488731
236.500000;2.382492;2.368340;2.377597;2.372499;2.418104;2.441591;2.463224;2.511638
237.000000;2.417893;2.411029;2.408227;2.410115;2.451423;2.459716;2.492244;2.522832
237.500000;2.426096;2.435974;2.428270;2.448319;2.466069;2.495744;2.525003;2.557421
238.000000;2.447928;2.458139;2.449380;2.469691;2.497236;2.519218;2.549282;2.592218
238.500000;2.489609;2.485975;2.484387;2.484998;2.534923;2.552406;2.567812;2.621292
239.000000;2.535008;2.524163;2.537025;2.538544;2.577506;2.595622;2.612981;2.671949
239.500000;2.576419;2.564291;2.587061;2.587872;2.613339;2.643516;2.652263;2.728179
240.000000;2.593612;2.617464;2.623343;2.615161;2.652416;2.673701;2.694637;2.778277
240.500000;2.629761;2.666341;2.662330;2.653299;2.705331;2.717366;2.740489;2.805320
241.000000;2.690877;2.697327;2.716182;2.663292;2.728077;2.754644;2.765058;2.805016
241.500000;2.724924;2.721340;2.753493;2.704273;2.764264;2.765518;2.804512;2.847024
242.000000;2.760689;2.754598;2.764899;2.765855;2.804744;2.820086;2.848992;2.897603
242.500000;2.814203;2.784194;2.803672;2.804535;2.847387;2.851044;2.913144;2.930205
243.000000;2.831073;2.790827;2.863272;2.834835;2.881213;2.879582;2.956105;2.971076
243.500000;2.840475;2.851909;2.883191;2.847166;2.911620;2.934049;2.950603;3.008801
244.000000;2.890492;2.853133;2.877681;2.878158;2.970978;2.936044;2.990820;3.037637
244.500000;2.892256;2.876624;2.894791;2.911489;2.973545;2.946673;3.034986;3.074464
245.000000;2.885056;2.920074;2.907986;2.948081;2.947470;2.992122;3.061278;3.118279
245.500000;2.919404;2.912163;2.926975;2.933340;2.981685;2.989134;3.058629;3.075322
246.000000;2.922060;2.914891;2.958505;2.918419;2.992238;2.986027;3.078482;3.185545
246.500000;2.912077;2.889745;2.970224;2.945356;2.973626;2.964753;3.084956;3.189539
247.000000;2.932160;2.886339;2.917662;2.934336;3.047049;2.971024;3.049198;3.110616
247.500000;2.928713;2.854411;2.964698;2.922403;3.012401;3.003895;3.024998;3.143664
248.000000;2.879473;2.824123;2.989154;2.873180;2.912493;2.954855;2.992236;3.035768
248.500000;2.825493;2.840489;2.877310;2.869581;2.899737;2.957813;2.988504;2.994391
249.000000;2.817237;2.836325;2.817553;2.852444;2.890678;2.942520;2.934396;2.968112
249.500000;2.785720;2.807468;2.793745;2.814732;2.828691;2.830084;2.858088;2.987310
250.000000;2.767593;2.724410;2.778549;2.747912;2.770712;2.783019;2.829079;2.898252
250.500000;2.683058;2.673824;2.735268;2.686142;2.713408;2.741682;2.742534;2.822644
251.000000;2.618241;2.657509;2.670484;2.680049;2.682148;2.708539;2.680677;2.746744
251.500000;2.580337;2.576935;2.607485;2.614817;2.610594;2.618073;2.650651;2.642507
252.000000;2.538239;2.523421;2.550700;2.539440;2.535918;2.524960;2.563966;2.558250
252.500000;2.456864;2.429971;2.477649;2.468426;2.460415;2.456166;2.490099;2.507313
253.000000;2.382197;2.371648;2.418392;2.388085;2.394813;2.399785;2.384858;2.399275
253.500000;2.329838;2.324526;2.354468;2.323940;2.314039;2.331173;2.324747;2.323510
254.000000;2.261411;2.247063;2.268590;2.252783;2.254608;2.236751;2.259075;2.232827
254.500000;2.195411;2.179533;2.204571;2.196777;2.189904;2.174453;2.161480;2.143234
255.000000;2.126014;2.119746;2.139534;2.132873;2.119561;2.102185;2.076494;2.051530
255.500000;2.069455;2.062903;2.079646;2.068011;2.053994;2.026961;2.008340;1.959431
256.000000;2.021420;2.006339;2.026366;2.006853;1.990715;1.959755;1.933315;1.888825
256.500000;1.968643;1.959493;1.969945;1.958666;1.925086;1.894334;1.867868;1.812726
257.000000;1.923732;1.909951;1.916700;1.904605;1.872616;1.832133;1.798120;1.739507
257.500000;1.875846;1.864482;1.866681;1.854526;1.828585;1.780973;1.739936;1.675191
258.000000;1.843825;1.825402;1.832163;1.807509;1.783318;1.737137;1.688532;1.618730
258.500000;1.818790;1.794874;1.797308;1.770135;1.741822;1.692354;1.640761;1.563502
259.000000;1.786942;1.764239;1.759757;1.737875;1.701965;1.654941;1.602115;1.521873
259.500000;1.759914;1.741800;1.727266;1.707068;1.673221;1.624109;1.568120;1.485816
260.000000;1.741814;1.713095;1.705190;1.678093;1.645862;1.595708;1.534200;1.455476
260.500000;1.715741;1.693879;1.682217;1.653153;1.621697;1.567129;1.508807;1.427199
261.000000;1.690712;1.669011;1.660942;1.631070;1.598405;1.542849;1.486217;1.403920
261.500000;1.674364;1.644270;1.637054;1.609738;1.576422;1.524967;1.466202;1.386573
262.000000;1.651844;1.630529;1.617947;1.589366;1.558195;1.508698;1.449052;1.371416
262.500000;1.631473;1.607389;1.598431;1.571419;1.545204;1.491729;1.436563;1.360250
263.000000;1.610142;1.590824;1.578665;1.554569;1.530774;1.478455;1.423891;1.350718
263.500000;1.590848;1.569936;1.562831;1.539440;1.516140;1.465298;1.411105;1.342638
264.000000;1.569824;1.549553;1.545184;1.522080;1.500512;1.452002;1.402922;1.335563
264.500000;1.548760;1.529803;1.526875;1.503704;1.487005;1.439176;1.391775;1.327723
265.000000;1.526573;1.512182;1.505319;1.489427;1.467892;1.429412;1.386896;1.323999
265.500000;1.504963;1.490892;1.483350;1.472384;1.454384;1.415241;1.374867;1.319865
266.000000;1.482049;1.467273;1.465756;1.450920;1.440358;1.403889;1.364482;1.313865
266.500000;1.455371;1.443563;1.444083;1.434683;1.424636;1.392390;1.357060;1.307081
267.000000;1.432905;1.422702;1.426050;1.415105;1.407985;1.378562;1.347895;1.301199
267.500000;1.408786;1.396551;1.405970;1.396123;1.394467;1.368585;1.337523;1.295684
268.000000;1.379119;1.374243;1.381493;1.375820;1.375909;1.352861;1.327503;1.288320
268.500000;1.353004;1.350247;1.356039;1.355459;1.357650;1.339970;1.320679;1.280842
269.000000;1.327421;1.325881;1.335202;1.335862;1.343094;1.327404;1.305712;1.273358
269.500000;1.302989;1.300645;1.315513;1.314628;1.326997;1.311768;1.293519;1.263059
270.000000;1.272737;1.274668;1.290546;1.291807;1.307872;1.296273;1.281094;1.251725
270.500000;1.246736;1.251662;1.267087;1.274085;1.288689;1.280353;1.263388;1.243891
271.000000;1.218382;1.224315;1.243407;1.253041;1.269928;1.262517;1.252932;1.232165
271.500000;1.193269;1.199230;1.220444;1.229749;1.249122;1.247344;1.240779;1.219201
272.000000;1.167227;1.175438;1.198416;1.210154;1.230363;1.230271;1.222631;1.206894
272.500000;1.139158;1.147020;1.175337;1.188045;1.210349;1.213066;1.209450;1.193348
273.000000;1.113485;1.126044;1.151721;1.167929;1.192222;1.194939;1.192990;1.182473
273.500000;1.088133;1.101080;1.129227;1.146057;1.172028;1.177387;1.176845;1.169018
274.000000;1.062056;1.077328;1.106609;1.126286;1.154920;1.161514;1.164932;1.157538
274.500000;1.039123;1.051612;1.084265;1.107466;1.133328;1.143299;1.147938;1.142047
275.000000;1.013999;1.030568;1.061857;1.083694;1.113801;1.125903;1.135324;1.130819
275.500000;0.994185;1.010394;1.041601;1.066682;1.095974;1.109241;1.118463;1.119969
276.000000;0.967490;0.987756;1.020065;1.045967;1.077738;1.093694;1.106472;1.104167
276.500000;0.947571;0.967087;1.001075;1.028247;1.060072;1.076735;1.090702;1.093877
277.000000;0.926683;0.947163;0.981694;1.008828;1.040732;1.058931;1.077011;1.082403
277.500000;0.907677;0.927398;0.964090;0.991430;1.022392;1.043166;1.061683;1.070453
278.000000;0.887599;0.907732;0.944175;0.971563;1.004277;1.028497;1.048931;1.065958
278.500000;0.850690;0.872387;0.908137;0.938063;0.973353;0.996279;1.027594;1.046668
279.000000;0.832537;0.852662;0.891297;0.921287;0.955583;0.983574;1.014802;1.040614
279.500000;0.814597;0.837197;0.874027;0.904764;0.939897;0.972509;1.003983;1.032298
280.000000;0.798472;0.820195;0.858464;0.889944;0.925687;0.959762;0.993534;1.028257
280.500000;0.782337;0.805534;0.844718;0.874901;0.912851;0.947020;0.985438;1.020490
281.000000;0.767614;0.790621;0.829188;0.861745;0.900659;0.935713;0.976785;1.014921
281.500000;0.753509;0.777181;0.815248;0.848589;0.888814;0.925981;0.969648;1.010174
282.000000;0.738365;0.763347;0.801594;0.836742;0.875837;0.915394;0.960286;1.006236
282.500000;0.725586;0.751162;0.789605;0.824692;0.864497;0.904892;0.952823;1.002425
283.000000;0.714083;0.739342;0.778570;0.813841;0.854889;0.898510;0.946255;0.997930
283.500000;0.702424;0.726986;0.766113;0.802527;0.843677;0.889000;0.940417;0.993039
284.000000;0.689259;0.715370;0.756546;0.791912;0.834309;0.880605;0.933297;0.987761
284.500000;0.679388;0.705918;0.745539;0.782724;0.825036;0.871946;0.927780;0.982513
285.000000;0.667896;0.695871;0.734751;0.771852;0.815873;0.863409;0.919072;0.975777
285.500000;0.657781;0.685346;0.725035;0.762645;0.805878;0.854849;0.910269;0.970042
286.000000;0.647089;0.674842;0.715270;0.751687;0.796823;0.845498;0.902436;0.961329
286.500000;0.636785;0.665035;0.704155;0.741433;0.786404;0.835562;0.894072;0.952987
287.000000;0.626650;0.653524;0.693528;0.730649;0.775131;0.826238;0.884112;0.942848
287.500000;0.618293;0.644777;0.683898;0.720448;0.765031;0.816809;0.873581;0.934500
288.000000;0.609091;0.636110;0.675160;0.711838;0.756466;0.806458;0.863692;0.925859
288.500000;0.601329;0.628190;0.666027;0.701830;0.747501;0.798053;0.856293;0.918738
289.000000;0.593295;0.620877;0.658182;0.694329;0.740256;0.790620;0.850231;0.912450
289.500000;0.587323;0.614527;0.652429;0.688516;0.735340;0.786840;0.845786;0.908750
290.000000;0.582939;0.609713;0.647791;0.685174;0.732326;0.784536;0.845229;0.910236
290.500000;0.578795;0.606141;0.644693;0.682370;0.730417;0.784017;0.846561;0.913086
291.000000;0.574741;0.603621;0.641619;0.679545;0.729026;0.784641;0.846829;0.915394
291.500000;0.571634;0.600401;0.638454;0.677871;0.728530;0.784873;0.849756;0.919768
292.000000;0.568889;0.597106;0.636201;0.676471;0.728001;0.784546;0.850777;0.923293
292.500000;0.565632;0.594410;0.633807;0.674614;0.725583;0.784015;0.850387;0.925460
293.000000;0.562200;0.591442;0.630621;0.672049;0.723775;0.782823;0.850606;0.924901
293.500000;0.558165;0.587491;0.626954;0.667700;0.721288;0.779696;0.848926;0.922634
294.000000;0.553105;0.583070;0.623963;0.663858;0.717652;0.776443;0.845767;0.919228
294.500000;0.547783;0.578354;0.618697;0.659543;0.712998;0.771644;0.840768;0.914162
295.000000;0.543037;0.572791;0.613238;0.654130;0.707066;0.765825;0.834512;0.908750
295.500000;0.536172;0.566214;0.607051;0.647833;0.700533;0.758769;0.827605;0.900937
296.000000;0.528635;0.559259;0.598941;0.639721;0.692629;0.749209;0.817788;0.890678
296.500000;0.521639;0.551113;0.591489;0.631324;0.684054;0.740658;0.806561;0.879287
297.000000;0.512590;0.541979;0.581947;0.622865;0.673704;0.729148;0.793556;0.863311
297.500000;0.503065;0.532386;0.571806;0.611672;0.662408;0.716412;0.778660;0.846064
298.000000;0.492928;0.521645;0.560715;0.599082;0.649213;0.701692;0.762646;0.827718
298.500000;0.482441;0.511133;0.549779;0.586854;0.636018;0.687382;0.745813;0.807716
299.000000;0.472349;0.500226;0.537725;0.574628;0.623196;0.671679;0.727740;0.788423
299.500000;0.462679;0.489993;0.526797;0.563485;0.610072;0.657194;0.711990;0.769366
300.000000;0.454488;0.481071;0.517431;0.553739;0.599039;0.645945;0.699086;0.751941
300.500000;0.448057;0.474454;0.510000;0.545976;0.591383;0.637460;0.689325;0.741154
301.000000;0.443240;0.469421;0.505133;0.540948;0.586813;0.631547;0.683141;0.734675
301.500000;0.439637;0.466394;0.502454;0.537564;0.584727;0.629540;0.680065;0.732013
302.000000;0.438226;0.465388;0.501756;0.537926;0.584927;0.631704;0.681038;0.733836
302.500000;0.437253;0.464744;0.502338;0.539303;0.586774;0.634721;0.684867;0.737576
303.000000;0.436581;0.464956;0.502727;0.539782;0.588927;0.636136;0.688726;0.741041
303.500000;0.435656;0.464653;0.502414;0.539686;0.589140;0.636805;0.689586;0.743338
304.000000;0.434080;0.462998;0.501305;0.538310;0.587184;0.635678;0.687545;0.741287
304.500000;0.431519;0.460122;0.497971;0.534633;0.583696;0.631394;0.681049;0.733453
305.000000;0.428147;0.456425;0.493565;0.529912;0.578261;0.623756;0.671027;0.720936
305.500000;0.424319;0.451629;0.487732;0.523095;0.569494;0.612922;0.658672;0.704343
306.000000;0.419028;0.445114;0.480203;0.514055;0.558540;0.600522;0.642651;0.683696
306.500000;0.413239;0.438967;0.472019;0.504422;0.547352;0.585989;0.623875;0.660022
307.000000;0.407699;0.432750;0.463646;0.494242;0.535260;0.570331;0.604369;0.634158
307.500000;0.402239;0.426415;0.455594;0.484247;0.522460;0.554433;0.584006;0.608127
308.000000;0.397179;0.420200;0.447795;0.474781;0.510112;0.538297;0.563124;0.582123
308.500000;0.392218;0.413887;0.439911;0.464977;0.497864;0.523141;0.542925;0.555884
309.000000;0.387642;0.408586;0.432874;0.455607;0.486137;0.508084;0.523436;0.531038
309.500000;0.383922;0.403920;0.426587;0.447994;0.475469;0.494138;0.505445;0.507389
310.000000;0.380662;0.399165;0.420268;0.440693;0.465003;0.481146;0.488058;0.484079
310.500000;0.377742;0.395099;0.414965;0.433049;0.455473;0.468435;0.471249;0.461549
311.000000;0.375208;0.391961;0.410752;0.426785;0.447317;0.457336;0.456332;0.440555
311.500000;0.373540;0.389302;0.407003;0.421513;0.439604;0.446920;0.442225;0.420646
312.000000;0.372670;0.387678;0.403852;0.417109;0.433238;0.437502;0.428750;0.402298
312.500000;0.371836;0.386608;0.401522;0.413447;0.427641;0.429228;0.416679;0.385828
313.000000;0.371390;0.385895;0.399821;0.410494;0.422666;0.421921;0.405851;0.370058
313.500000;0.372123;0.385976;0.398888;0.408376;0.418742;0.415808;0.395948;0.354910
314.000000;0.373947;0.386622;0.398883;0.406513;0.415169;0.410143;0.387189;0.341289
314.500000;0.375669;0.387827;0.399342;0.406370;0.413336;0.405237;0.379213;0.328971
315.000000;0.377520;0.389368;0.400263;0.406077;0.411498;0.401288;0.372075;0.317383
315.500000;0.380116;0.391258;0.401189;0.406351;0.409943;0.398195;0.365358;0.307150
316.000000;0.383644;0.394210;0.403129;0.407741;0.409892;0.395608;0.359923;0.296900
316.500000;0.387338;0.397602;0.405717;0.409680;0.410422;0.393941;0.355651;0.288114
317.000000;0.391126;0.401333;0.408984;0.411860;0.411087;0.393026;0.351414;0.280333
317.500000;0.396829;0.406704;0.413723;0.415015;0.412826;0.392479;0.346941;0.270887
318.000000;0.404869;0.413742;0.420108;0.420220;0.416279;0.392910;0.343271;0.261637
318.500000;0.409481;0.418377;0.424116;0.423919;0.418827;0.393342;0.341817;0.256666
319.000000;0.414116;0.422931;0.427869;0.427631;0.421028;0.394871;0.340679;0.252173
319.500000;0.419525;0.428367;0.432137;0.431165;0.423434;0.396675;0.339975;0.248938
320.000000;0.424340;0.433537;0.436270;0.435436;0.426289;0.397053;0.339017;0.245074
320.500000;0.429283;0.438094;0.442323;0.439794;0.430005;0.400337;0.339329;0.242974
321.000000;0.434746;0.443613;0.445615;0.442916;0.432883;0.401715;0.338881;0.241109
321.500000;0.439731;0.448399;0.450599;0.446870;0.435625;0.403849;0.340479;0.239911
322.000000;0.445078;0.452947;0.454466;0.451484;0.439231;0.406290;0.341999;0.239704
322.500000;0.448579;0.457709;0.458139;0.454908;0.443627;0.408392;0.342347;0.239526
323.000000;0.454010;0.461368;0.462548;0.459661;0.446938;0.411661;0.344670;0.239262
323.500000;0.458409;0.465566;0.467217;0.463167;0.449088;0.414265;0.346215;0.240292
324.000000;0.462096;0.469223;0.470465;0.466164;0.452926;0.417164;0.348580;0.241263
324.500000;0.466896;0.473706;0.474672;0.470547;0.455730;0.419821;0.350376;0.243123
325.000000;0.470772;0.477469;0.478761;0.473593;0.459655;0.422339;0.352315;0.243876
325.500000;0.474573;0.481533;0.482847;0.477854;0.463657;0.426057;0.356127;0.246311
326.000000;0.478752;0.485298;0.486195;0.481904;0.466655;0.429411;0.358733;0.248603
326.500000;0.481933;0.490160;0.490607;0.484705;0.470184;0.433797;0.361494;0.251478
327.000000;0.487307;0.494231;0.494687;0.489468;0.474292;0.437792;0.365058;0.254660
327.500000;0.490029;0.497558;0.497442;0.492787;0.477279;0.440089;0.367470;0.256734
328.000000;0.493091;0.500350;0.500655;0.495862;0.480196;0.442492;0.370292;0.259507
328.500000;0.496008;0.502702;0.503474;0.498275;0.483382;0.445159;0.372885;0.262741
329.000000;0.498036;0.506084;0.506101;0.500534;0.485593;0.447600;0.375802;0.264773
329.500000;0.500489;0.507936;0.507732;0.503023;0.487756;0.449920;0.378536;0.269086
330.000000;0.503049;0.510112;0.509703;0.504744;0.488700;0.452595;0.380791;0.272069
330.500000;0.504582;0.510614;0.510964;0.505564;0.490905;0.453812;0.382493;0.274904
331.000000;0.506121;0.511424;0.512533;0.506804;0.492346;0.455305;0.385148;0.277952
331.500000;0.506865;0.512361;0.512079;0.507473;0.492378;0.456312;0.386169;0.280627
332.000000;0.507602;0.513207;0.513408;0.507940;0.493314;0.457094;0.388207;0.283848
332.500000;0.507366;0.513590;0.513223;0.507636;0.493973;0.457421;0.390258;0.287055
333.000000;0.507235;0.513214;0.512376;0.506840;0.493179;0.458133;0.391383;0.289908
333.500000;0.505764;0.511188;0.511066;0.505306;0.491362;0.456887;0.392388;0.293303
334.000000;0.503103;0.508035;0.507304;0.502189;0.488232;0.454952;0.392239;0.295993
334.500000;0.499684;0.504383;0.502958;0.497497;0.484291;0.451968;0.391594;0.298832
335.000000;0.495516;0.499044;0.497504;0.492155;0.478527;0.448317;0.390269;0.302274
335.500000;0.489468;0.492650;0.491038;0.484876;0.471638;0.442871;0.388466;0.305248
336.000000;0.482814;0.485958;0.483358;0.476223;0.464260;0.437062;0.386147;0.308262
336.500000;0.475941;0.478128;0.474771;0.467710;0.456790;0.431036;0.383818;0.311199
337.000000;0.469001;0.470242;0.466425;0.459923;0.448371;0.425559;0.382047;0.314437
337.500000;0.460808;0.461588;0.457953;0.451313;0.440276;0.419107;0.379426;0.316704
338.000000;0.452827;0.453199;0.449394;0.442460;0.433238;0.413141;0.377064;0.319449
338.500000;0.445274;0.444835;0.440962;0.434055;0.425912;0.407526;0.374949;0.322252
339.000000;0.437026;0.437088;0.433026;0.426425;0.418730;0.402691;0.372970;0.325000
339.500000;0.429424;0.429240;0.425591;0.418765;0.411836;0.397679;0.371258;0.327580
340.000000;0.421652;0.420953;0.417284;0.411220;0.405293;0.393111;0.369356;0.329589
340.500000;0.413699;0.413357;0.409450;0.404335;0.399150;0.388840;0.367856;0.331475
341.000000;0.406333;0.406036;0.402702;0.397532;0.393865;0.384686;0.366052;0.333691
341.500000;0.399022;0.399003;0.395870;0.390965;0.388348;0.380959;0.364489;0.335427
342.000000;0.391827;0.392122;0.388969;0.384784;0.382871;0.376987;0.363396;0.336780
342.500000;0.385050;0.385019;0.382450;0.378829;0.377563;0.372963;0.361458;0.337575
343.000000;0.377929;0.378160;0.375854;0.372799;0.372468;0.368915;0.359354;0.338206
343.500000;0.371167;0.371518;0.369414;0.366721;0.367475;0.365145;0.357439;0.338756
344.000000;0.364285;0.364793;0.363252;0.360951;0.362158;0.361188;0.355179;0.338457
344.500000;0.357397;0.358415;0.356877;0.355013;0.356933;0.356918;0.352423;0.337726
345.000000;0.351109;0.351857;0.350803;0.349125;0.351715;0.352816;0.349380;0.336824
345.500000;0.344699;0.345523;0.344664;0.343327;0.346385;0.348335;0.346447;0.335504
346.000000;0.337656;0.338989;0.338062;0.337230;0.340705;0.343347;0.342650;0.333148
346.500000;0.330389;0.331921;0.331205;0.330754;0.334487;0.338072;0.338070;0.329922
347.000000;0.323319;0.324669;0.324277;0.323986;0.328068;0.332084;0.333185;0.326216
347.500000;0.315866;0.317235;0.317169;0.316959;0.321455;0.325925;0.327747;0.321790
348.000000;0.308092;0.309693;0.309775;0.309848;0.314767;0.319639;0.322107;0.317112
348.500000;0.300279;0.301819;0.301847;0.302337;0.307493;0.312676;0.315969;0.311931
349.000000;0.292280;0.294028;0.294034;0.294721;0.300091;0.305671;0.309679;0.306003
349.500000;0.284097;0.286162;0.286426;0.287106;0.292807;0.298626;0.303125;0.300124
350.000000;0.275868;0.277887;0.278327;0.279215;0.285160;0.291339;0.296186;0.294303
350.500000;0.267652;0.269527;0.270072;0.271300;0.277361;0.283957;0.289260;0.288109
351.000000;0.259076;0.261239;0.262004;0.263324;0.269573;0.276464;0.282250;0.281922
351.500000;0.250569;0.253138;0.254126;0.255463;0.261981;0.269256;0.275457;0.275864
352.000000;0.242201;0.244881;0.245917;0.247592;0.254357;0.262144;0.268631;0.269913
352.500000;0.233742;0.236497;0.237579;0.239671;0.246663;0.254832;0.261684;0.263943
353.000000;0.225216;0.228208;0.229665;0.231793;0.238972;0.247484;0.254889;0.257552
353.500000;0.216334;0.219513;0.221324;0.223606;0.231072;0.239719;0.247741;0.250847
354.000000;0.207460;0.210729;0.212761;0.215306;0.222970;0.231652;0.240235;0.243899
354.500000;0.198792;0.202256;0.204400;0.207065;0.214735;0.223779;0.232495;0.236689
355.000000;0.190188;0.193713;0.195863;0.198891;0.206664;0.215766;0.224436;0.229190
355.500000;0.181404;0.184987;0.187283;0.190535;0.198351;0.207388;0.216183;0.221293
356.000000;0.172590;0.176128;0.178601;0.181856;0.189594;0.198730;0.207391;0.212920
356.500000;0.163818;0.167475;0.169913;0.173020;0.180817;0.189852;0.198449;0.204240
357.000000;0.155308;0.158898;0.161267;0.164271;0.171902;0.180668;0.189305;0.195142
357.500000;0.146778;0.150302;0.152614;0.155553;0.162792;0.171300;0.179638;0.185411
358.000000;0.138322;0.141540;0.143785;0.146640;0.153616;0.161711;0.169849;0.175347
358.500000;0.130263;0.133235;0.135465;0.137978;0.144713;0.152282;0.160091;0.165245
359.000000;0.119431;0.122215;0.124110;0.126252;0.132514;0.139417;0.146433;0.151254
359.500000;0.106599;0.109182;0.110499;0.112163;0.117827;0.124030;0.130233;0.134286
360.000000;0.099520;0.101894;0.102900;0.104259;0.109489;0.115282;0.120802;0.124400
360.500000;0.092968;0.094955;0.095723;0.096886;0.101521;0.106693;0.111652;0.114797
361.000000;0.086619;0.088366;0.088794;0.089656;0.093710;0.098518;0.102679;0.105493
361.500000;0.080380;0.082068;0.082095;0.082682;0.086279;0.090576;0.094321;0.096462
362.000000;0.074582;0.076010;0.075733;0.076008;0.079278;0.083038;0.086274;0.087977
362.500000;0.069446;0.070380;0.070063;0.069802;0.072914;0.076132;0.078851;0.079990
363.000000;0.064610;0.065418;0.064741;0.064351;0.066909;0.069700;0.071699;0.072654
363.500000;0.060033;0.060735;0.059749;0.059194;0.061268;0.063628;0.065342;0.065642
364.000000;0.055720;0.056442;0.055188;0.054322;0.056038;0.058067;0.059306;0.059119
364.500000;0.051998;0.052368;0.050990;0.049960;0.051358;0.052884;0.053757;0.053018
365.000000;0.048351;0.048575;0.046992;0.045714;0.047019;0.048063;0.048719;0.047663
365.500000;0.045027;0.045206;0.043506;0.042139;0.043133;0.043979;0.044139;0.042802
366.000000;0.042176;0.042153;0.040330;0.038558;0.039129;0.039885;0.039594;0.038249
366.500000;0.039856;0.039583;0.037538;0.035659;0.036089;0.036521;0.036197;0.034370
367.000000;0.037083;0.036885;0.034607;0.032665;0.032809;0.032890;0.032502;0.030415
367.500000;0.034698;0.034653;0.032238;0.030252;0.030248;0.030156;0.029440;0.027461
368.000000;0.032742;0.032562;0.030122;0.027893;0.027765;0.027344;0.026404;0.024380
368.500000;0.031094;0.030661;0.028136;0.025741;0.025716;0.025036;0.023847;0.021429
369.000000;0.029531;0.029045;0.026493;0.024058;0.023736;0.022897;0.021964;0.019248
369.500000;0.028183;0.027706;0.025140;0.022543;0.021822;0.021250;0.019931;0.017147
370.000000;0.026202;0.025563;0.022796;0.020284;0.019333;0.018603;0.017302;0.014333
370.500000;0.024656;0.023932;0.021375;0.018337;0.017702;0.017236;0.015377;0.012339
371.000000;0.023479;0.022597;0.020085;0.017534;0.016499;0.015763;0.013952;0.011121
371.500000;0.022590;0.021810;0.018995;0.016375;0.015304;0.014600;0.012677;0.008883
372.000000;0.021721;0.021304;0.018461;0.015547;0.014504;0.013859;0.011672;0.008988
372.500000;0.021281;0.020588;0.017336;0.014861;0.013759;0.013088;0.010947;0.008097
373.000000;0.020364;0.019539;0.016723;0.013823;0.012903;0.012121;0.010112;0.007330
373.500000;0.019968;0.019274;0.016375;0.013639;0.012441;0.011702;0.009502;0.006719
374.000000;0.018940;0.018496;0.015306;0.012566;0.011573;0.010693;0.008467;0.005842
374.500000;0.018401;0.017733;0.014698;0.011911;0.010758;0.010126;0.008004;0.005032
375.000000;0.017752;0.017071;0.014082;0.011360;0.010128;0.009418;0.007294;0.004580
375.500000;0.016818;0.016501;0.013377;0.010712;0.009398;0.008816;0.006766;0.004017
376.000000;0.016803;0.016225;0.013414;0.010650;0.009428;0.008695;0.006659;0.003961
376.500000;0.016052;0.015552;0.012643;0.009878;0.008662;0.007959;0.005999;0.003306
377.000000;0.015279;0.014767;0.012061;0.009325;0.008014;0.007417;0.005299;0.002769
377.500000;0.015012;0.014339;0.011541;0.008924;0.007793;0.007154;0.005078;0.002532
378.000000;0.014781;0.014237;0.011310;0.008826;0.007513;0.007249;0.004931;0.002411
378.500000;0.014169;0.013654;0.011014;0.008396;0.007139;0.006932;0.004624;0.002200
379.000000;0.013589;0.013217;0.010515;0.007842;0.006767;0.006234;0.004247;0.001781
379.500000;0.013392;0.012995;0.010325;0.007694;0.006647;0.006136;0.004031;0.001903
380.000000;0.012863;0.012304;0.009929;0.007274;0.006208;0.005870;0.003825;0.001519
380.500000;0.012428;0.012048;0.009470;0.006902;0.005820;0.005439;0.003553;0.001354
381.000000;0.012195;0.011796;0.009337;0.006763;0.005742;0.005529;0.003601;0.001264
381.500000;0.011949;0.011447;0.009040;0.006558;0.005618;0.005222;0.003545;0.001291
382.000000;0.011515;0.011139;0.008869;0.006361;0.005321;0.005071;0.003285;0.001170
382.500000;0.011394;0.011012;0.008688;0.006229;0.005291;0.004888;0.003265;0.001300
383.000000;0.011111;0.010687;0.008368;0.005948;0.004999;0.004609;0.003232;0.001136
383.500000;0.010709;0.010443;0.008147;0.005745;0.004861;0.004532;0.003116;0.001041
384.000000;0.010318;0.010089;0.007756;0.005325;0.004584;0.004379;0.002882;0.000857
384.500000;0.009805;0.009572;0.007533;0.005146;0.004184;0.004188;0.002596;0.000842
385.000000;0.009564;0.009335;0.007310;0.004994;0.004096;0.004199;0.002651;0.001023
385.500000;0.009335;0.009028;0.007078;0.004735;0.003874;0.004084;0.002564;0.000907
386.000000;0.008935;0.008740;0.006701;0.004501;0.003673;0.003864;0.002268;0.000675
386.500000;0.008651;0.008510;0.006446;0.004153;0.003560;0.003572;0.002100;0.000585
387.000000;0.008325;0.008281;0.006303;0.003999;0.003394;0.003464;0.002143;0.000640
387.500000;0.008009;0.007965;0.005987;0.003809;0.003222;0.003289;0.002064;0.000545
388.000000;0.007732;0.007739;0.005821;0.003643;0.003145;0.003250;0.002013;0.000539
388.500000;0.007581;0.007705;0.005750;0.003558;0.003135;0.003422;0.002184;0.000610
389.000000;0.007535;0.007669;0.005830;0.003644;0.003164;0.003478;0.002246;0.000834
389.500000;0.007683;0.007710;0.005966;0.003849;0.003386;0.003600;0.002529;0.001266
390.000000;0.007731;0.007780;0.005971;0.003951;0.003609;0.003829;0.002802;0.001419
390.500000;0.007597;0.007725;0.005907;0.004012;0.003612;0.003995;0.002934;0.001556
391.000000;0.007417;0.007557;0.005761;0.003914;0.003459;0.003918;0.002857;0.001618
391.500000;0.007038;0.007233;0.005483;0.003598;0.003151;0.003651;0.002630;0.001478
392.000000;0.006492;0.006671;0.005028;0.003146;0.002757;0.003241;0.002268;0.001141
392.500000;0.006121;0.006322;0.004756;0.002839;0.002507;0.003077;0.002071;0.001012
393.000000;0.005727;0.006081;0.004447;0.002562;0.002254;0.002807;0.001899;0.000859
393.500000;0.005313;0.005671;0.004143;0.002225;0.001971;0.002530;0.001609;0.000589
394.000000;0.005025;0.005297;0.003866;0.001925;0.001714;0.002368;0.001418;0.000460
394.500000;0.004799;0.004993;0.003507;0.001677;0.001472;0.002150;0.001269;0.000317
395.000000;0.004562;0.004735;0.003285;0.001557;0.001326;0.002037;0.001198;0.000263
395.500000;0.004339;0.004665;0.003195;0.001510;0.001267;0.002002;0.001178;0.000245
396.000000;0.004117;0.004508;0.003028;0.001405;0.001160;0.001942;0.001125;0.000180
396.500000;0.003959;0.004245;0.002880;0.001247;0.001057;0.001884;0.001113;0.000158
397.000000;0.003830;0.004063;0.002776;0.001168;0.000998;0.001802;0.001063;0.000206
397.500000;0.003717;0.003968;0.002672;0.001098;0.000968;0.001771;0.001042;0.000379
398.000000;0.003551;0.003880;0.002581;0.000948;0.000917;0.001801;0.001103;0.000431
398.500000;0.003377;0.003729;0.002411;0.000835;0.000817;0.001681;0.001054;0.000367
399.000000;0.003162;0.003586;0.002224;0.000752;0.000705;0.001520;0.000918;0.000335
399.500000;0.002944;0.003457;0.002140;0.000715;0.000595;0.001561;0.000875;0.000336
400.000000;0.002850;0.003304;0.002059;0.000621;0.000524;0.001573;0.000888;0.000418
